,tag,liczba_wystapien,czestosc_wystapien,liczba_dzieci,czestosc_dzieci
85,ADP: AdpType=Prep,2236,0.5676567656765676,646,0.7626918536009445
503,VERB: Aspect=Imp|Mood=Ind|Number=Sing|Person=1|Tense=Pres|VerbForm=Fin|Voice=Act,1802,0.4574765168824575,589,0.6953955135773318
339,NOUN: Case=Nom|Gender=Fem|Number=Sing,1754,0.4452906829144453,621,0.7331759149940968
507,VERB: Aspect=Imp|Mood=Ind|Number=Sing|Person=3|Tense=Pres|VerbForm=Fin|Voice=Act,1555,0.39477024625539475,578,0.6824085005903188
514,VERB: Aspect=Imp|VerbForm=Inf|Voice=Act,1190,0.30210713379030213,534,0.6304604486422668
362,PART: Polarity=Neg,1013,0.25717187103325717,472,0.5572609208972845
522,VERB: Aspect=Perf|Mood=Imp|Number=Sing|Person=2|VerbForm=Fin|Voice=Act,1004,0.2548870271642549,491,0.5796930342384888
264,NOUN: Animacy=Hum|Case=Nom|Gender=Masc|Number=Sing,996,0.25285605483625284,473,0.5584415584415584
299,NOUN: Case=Acc|Gender=Fem|Number=Sing,958,0.24320893627824322,453,0.5348288075560803
379,PRON: Animacy=Hum|Case=Dat|Gender=Masc|Number=Sing|Person=1|PronType=Prs|Variant=Short,935,0.23736989083523738,443,0.5230224321133412
87,ADP: AdpType=Prep|Variant=Short,914,0.23203858847423203,428,0.5053128689492326
268,NOUN: Animacy=Inan|Case=Acc|Gender=Masc|Number=Sing,860,0.21832952526021834,443,0.5230224321133412
313,NOUN: Case=Gen|Gender=Fem|Number=Sing,757,0.1921807565371922,411,0.4852420306965762
456,PRON: PronType=Prs|Reflex=Yes,679,0.17237877633917237,376,0.44391971664698937
406,PRON: Animacy=Hum|Case=Nom|Gender=Masc|Number=Sing|Person=1|PronType=Prs,637,0.1617161716171617,285,0.3364817001180638
497,VERB: Aspect=Imp|Mood=Imp|Number=Sing|Person=2|VerbForm=Fin|Voice=Act,551,0.13988321909113988,338,0.3990554899645809
498,VERB: Aspect=Imp|Mood=Ind|Number=Plur|Person=1|Tense=Pres|VerbForm=Fin|Voice=Act,546,0.13861386138613863,309,0.36481700118063753
534,VERB: Aspect=Perf|VerbForm=Inf|Voice=Act,491,0.12465092663112465,284,0.33530106257378983
271,NOUN: Animacy=Inan|Case=Gen|Gender=Masc|Number=Sing,426,0.10814927646610815,294,0.34710743801652894
94,ADV: PronType=Dem,409,0.10383346026910384,233,0.27508854781582054
523,VERB: Aspect=Perf|Mood=Ind|Number=Plur|Person=1|Tense=Fut|VerbForm=Fin|Voice=Act,387,0.09824828636709824,214,0.2526564344746163
277,NOUN: Animacy=Inan|Case=Nom|Gender=Masc|Number=Sing,364,0.0924092409240924,240,0.2833530106257379
89,ADV: Degree=Pos,351,0.0891089108910891,220,0.2597402597402597
306,NOUN: Case=Acc|Gender=Neut|Number=Sing,345,0.08758568164508758,252,0.2975206611570248
96,ADV: PronType=Int,342,0.08682406702208682,235,0.27744982290436837
348,NOUN: Case=Voc|Gender=Masc|Number=Sing,333,0.08453922315308454,221,0.26092089728453366
75,ADJ: Case=Nom|Degree=Pos|Gender=Fem|Number=Sing,327,0.08301599390708302,206,0.24321133412042503
504,VERB: Aspect=Imp|Mood=Ind|Number=Sing|Person=2|Tense=Pres|VerbForm=Fin|Voice=Act,309,0.07844630616907845,203,0.2396694214876033
122,AUX: Aspect=Imp|Mood=Ind|Number=Sing|Person=3|Tense=Pres|VerbForm=Fin|Voice=Act,305,0.07743082000507744,200,0.2361275088547816
528,VERB: Aspect=Perf|Mood=Ind|Number=Sing|Person=3|Tense=Fut|VerbForm=Fin|Voice=Act,305,0.07743082000507744,202,0.2384887839433294
525,VERB: Aspect=Perf|Mood=Ind|Number=Sing|Person=1|Tense=Fut|VerbForm=Fin|Voice=Act,302,0.07666920538207667,199,0.23494687131050768
298,NOUN: Case=Acc|Gender=Fem|Number=Plur,282,0.0715917745620716,199,0.23494687131050768
476,PUNCT: PunctType=Peri,274,0.06956080223406956,191,0.2255017709563164
275,NOUN: Animacy=Inan|Case=Loc|Gender=Masc|Number=Sing,267,0.06778370144706779,197,0.23258559622195984
320,NOUN: Case=Gen|Gender=Neut|Number=Sing,261,0.06626047220106626,192,0.22668240850059032
267,NOUN: Animacy=Inan|Case=Acc|Gender=Masc|Number=Plur,253,0.06422949987306423,182,0.21487603305785125
117,AUX: Aspect=Imp|Mood=Ind|Number=Sing|Person=1|Tense=Pres|VerbForm=Fin|Voice=Act,244,0.061944656004061946,176,0.2077922077922078
266,NOUN: Animacy=Hum|Case=Voc|Gender=Masc|Number=Sing,238,0.06042142675806042,148,0.17473435655253838
12,ADJ: Animacy=Hum|Case=Nom|Degree=Pos|Gender=Masc|Number=Sing,232,0.0588981975120589,139,0.1641086186540732
126,AUX: Mood=Ind|Tense=Pres|VerbForm=Fin|VerbType=Quasi,222,0.05635948210205636,147,0.17355371900826447
288,NOUN: Animacy=Nhum|Case=Nom|Gender=Masc|Number=Sing,210,0.053313023610053314,138,0.16292798110979928
484,VERB: Animacy=Hum|Aspect=Perf|Gender=Masc|Mood=Ind|Number=Sing|Tense=Past|VerbForm=Fin|Voice=Act,209,0.05305915206905306,157,0.18536009445100354
273,NOUN: Animacy=Inan|Case=Ins|Gender=Masc|Number=Sing,198,0.05026656511805026,142,0.16765053128689492
516,VERB: Aspect=Perf|Gender=Fem|Mood=Ind|Number=Sing|Tense=Past|VerbForm=Fin|Voice=Act,193,0.048997207413049,134,0.15820543093270367
526,VERB: Aspect=Perf|Mood=Ind|Number=Sing|Person=2|Tense=Fut|VerbForm=Fin|Voice=Act,192,0.048743335872048744,131,0.15466351829988192
420,PRON: Case=Acc|Gender=Neut|Number=Sing|PronType=Dem,186,0.04722010662604722,134,0.15820543093270367
115,AUX: Aspect=Imp|Mood=Ind|Number=Sing|Person=1|Tense=Fut|VerbForm=Fin,180,0.0456968773800457,122,0.14403778040141677
257,NOUN: Animacy=Hum|Case=Gen|Gender=Masc|Number=Sing,175,0.04442751967504443,136,0.16056670602125148
368,PRON: Animacy=Hum|Case=Acc|Gender=Masc|Number=Sing|Person=1|PronType=Prs|Variant=Long,169,0.0429042904290429,122,0.14403778040141677
322,NOUN: Case=Ins|Gender=Fem|Number=Sing,166,0.04214267580604214,126,0.1487603305785124
482,VERB: Animacy=Hum|Aspect=Imp|Gender=Masc|Mood=Ind|Number=Sing|Tense=Past|VerbForm=Fin|Voice=Act,162,0.04112718964204113,106,0.12514757969303425
346,NOUN: Case=Nom|Gender=Neut|Number=Sing,157,0.03985783193703986,118,0.13931523022432113
331,NOUN: Case=Loc|Gender=Fem|Number=Sing,154,0.039096217314039096,122,0.14403778040141677
280,NOUN: Animacy=Nhum|Case=Acc|Gender=Masc|Number=Sing,150,0.03808073115003808,115,0.1357733175914994
312,NOUN: Case=Gen|Gender=Fem|Number=Plur,140,0.03554201574003554,116,0.13695395513577333
360,PART: PartType=Int,123,0.031226199543031227,78,0.09208972845336481
337,NOUN: Case=Loc|Gender=Neut|Number=Sing,122,0.030972328002030973,96,0.11334120425029516
34,ADJ: Animacy=Inan|Case=Nom|Degree=Pos|Gender=Masc|Number=Sing,121,0.03071845646103072,86,0.10153482880755609
422,PRON: Case=Acc|Gender=Neut|Number=Sing|PronType=Int,119,0.03021071337903021,89,0.1050767414403778
407,PRON: Animacy=Hum|Case=Nom|Gender=Masc|Number=Sing|Person=2|PronType=Prs,117,0.0297029702970297,89,0.1050767414403778
347,NOUN: Case=Voc|Gender=Fem|Number=Sing,117,0.0297029702970297,93,0.10979929161747344
260,NOUN: Animacy=Hum|Case=Ins|Gender=Masc|Number=Sing,111,0.02817974105102818,85,0.10035419126328217
86,ADP: AdpType=Prep|Variant=Long,111,0.02817974105102818,93,0.10979929161747344
490,VERB: Aspect=Imp|Gender=Fem|Mood=Ind|Number=Sing|Tense=Past|VerbForm=Fin|Voice=Act,110,0.027925869510027925,88,0.1038961038961039
92,ADV: Degree=Pos|PronType=Int,105,0.026656511805026657,74,0.08736717827626919
372,PRON: Animacy=Hum|Case=Acc|Gender=Masc|Number=Sing|Person=2|PronType=Prs|Variant=Short,101,0.02564102564102564,87,0.10271546635182999
501,VERB: Aspect=Imp|Mood=Ind|Number=Plur|Person=3|Tense=Pres|VerbForm=Fin|Voice=Act,98,0.02487941101802488,82,0.09681227863046045
469,PROPN: Case=Nom|Gender=Fem|Number=Sing,97,0.024625539477024627,68,0.08028335301062574
398,PRON: Animacy=Hum|Case=Ins|Gender=Masc|Number=Sing|Person=1|PronType=Prs,93,0.02361005331302361,77,0.09090909090909091
53,ADJ: Case=Acc|Degree=Pos|Gender=Fem|Number=Sing,91,0.0231023102310231,74,0.08736717827626919
459,PROPN: Animacy=Hum|Case=Nom|Gender=Masc|Number=Sing,90,0.02284843869002285,66,0.07792207792207792
254,NOUN: Animacy=Hum|Case=Acc|Gender=Masc|Number=Sing,90,0.02284843869002285,75,0.0885478158205431
341,NOUN: Case=Nom|Gender=Masc|Number=Sing,87,0.022086824067022087,64,0.0755608028335301
28,ADJ: Animacy=Inan|Case=Acc|Degree=Pos|Gender=Masc|Number=Sing,87,0.022086824067022087,72,0.08500590318772137
305,NOUN: Case=Acc|Gender=Neut|Number=Ptan,84,0.021325209444021324,68,0.08028335301062574
479,SCONJ: ConjType=Cmpr,83,0.02107133790302107,66,0.07792207792207792
389,PRON: Animacy=Hum|Case=Gen|Gender=Masc|Number=Sing|Person=1|PronType=Prs|Variant=Long,79,0.020055851739020056,69,0.08146399055489964
301,NOUN: Case=Acc|Gender=Masc|Number=Sing,78,0.019801980198019802,67,0.07910271546635184
90,ADV: Degree=Pos|PronType=Dem,76,0.019294237116019294,54,0.06375442739079103
111,AUX: Aspect=Imp|Mood=Ind|Number=Plur|Person=1|Tense=Fut|VerbForm=Fin,75,0.01904036557501904,60,0.07083825265643448
241,DET: Case=Nom|Gender=Fem|Number=Sing|Number[psor]=Sing|Person=1|Poss=Yes|PronType=Prs,75,0.01904036557501904,67,0.07910271546635184
450,PRON: Case=Nom|Gender=Neut|Number=Sing|PronType=Dem,73,0.018532622493018534,65,0.07674144037780402
276,NOUN: Animacy=Inan|Case=Nom|Gender=Masc|Number=Plur,73,0.018532622493018534,58,0.06847697756788666
380,PRON: Animacy=Hum|Case=Dat|Gender=Masc|Number=Sing|Person=2|PronType=Prs|Variant=Short,72,0.01827875095201828,60,0.07083825265643448
121,AUX: Aspect=Imp|Mood=Ind|Number=Sing|Person=3|Tense=Fut|VerbForm=Fin,71,0.018024879411018026,52,0.06139315230224321
270,NOUN: Animacy=Inan|Case=Gen|Gender=Masc|Number=Plur,66,0.016755521706016754,48,0.05667060212514758
140,DET: Animacy=Hum|Case=Nom|Gender=Masc|Number=Sing|Number[psor]=Sing|Person=1|Poss=Yes|PronType=Prs,65,0.0165016501650165,57,0.06729634002361275
539,X: Foreign=Yes,63,0.015993907083015995,27,0.031877213695395513
421,PRON: Case=Acc|Gender=Neut|Number=Sing|PronType=Ind,61,0.015486164001015486,48,0.05667060212514758
535,VERB: Mood=Ind|Tense=Pres|VerbForm=Fin|VerbType=Quasi,53,0.013455191673013456,43,0.05076741440377804
114,AUX: Aspect=Imp|Mood=Ind|Number=Plur|Person=3|Tense=Pres|VerbForm=Fin|Voice=Act,52,0.013201320132013201,41,0.048406139315230225
452,PRON: Case=Nom|Gender=Neut|Number=Sing|PronType=Int,51,0.012947448591012947,46,0.05430932703659976
432,PRON: Case=Gen|Gender=Neut|Number=Sing|PronType=Dem,51,0.012947448591012947,45,0.053128689492325853
338,NOUN: Case=Nom|Gender=Fem|Number=Plur,51,0.012947448591012947,48,0.05667060212514758
409,PRON: Animacy=Hum|Case=Nom|Gender=Masc|Number=Sing|Person=3|PrepCase=Npr|PronType=Prs|Variant=Long,49,0.01243970550901244,36,0.04250295159386069
242,DET: Case=Nom|Gender=Fem|Number=Sing|PronType=Dem,45,0.011424219345011425,35,0.04132231404958678
120,AUX: Aspect=Imp|Mood=Ind|Number=Sing|Person=2|Tense=Pres|VerbForm=Fin|Voice=Act,43,0.010916476263010916,36,0.04250295159386069
197,DET: Case=Acc|Gender=Fem|Number=Sing|PronType=Dem,42,0.010662604722010662,36,0.04250295159386069
429,PRON: Case=Dat|PronType=Prs|Reflex=Yes,42,0.010662604722010662,36,0.04250295159386069
494,VERB: Aspect=Imp|Gender=Neut|Mood=Ind|Number=Sing|Tense=Past|VerbForm=Fin|Voice=Act,42,0.010662604722010662,33,0.03896103896103896
282,NOUN: Animacy=Nhum|Case=Gen|Gender=Masc|Number=Sing,38,0.009647118558009647,36,0.04250295159386069
155,DET: Animacy=Inan|Case=Acc|Gender=Masc|Number=Sing|PronType=Dem,37,0.009393247017009393,32,0.03778040141676505
315,NOUN: Case=Gen|Gender=Masc|Number=Sing,37,0.009393247017009393,34,0.04014167650531287
182,DET: Animacy=Inan|Case=Nom|Gender=Masc|Number=Sing|PronType=Dem,36,0.00913937547600914,27,0.031877213695395513
291,NOUN: Aspect=Imp|Case=Dat|Gender=Neut|Number=Sing|Polarity=Pos|VerbForm=Vnoun,36,0.00913937547600914,35,0.04132231404958678
329,NOUN: Case=Ins|Gender=Neut|Number=Sing,36,0.00913937547600914,32,0.03778040141676505
361,PART: PartType=Mod,35,0.008885503935008886,24,0.02833530106257379
40,ADJ: Animacy=Nhum|Case=Nom|Degree=Pos|Gender=Masc|Number=Sing,35,0.008885503935008886,23,0.02715466351829988
181,DET: Animacy=Inan|Case=Nom|Gender=Masc|Number=Sing|Number[psor]=Sing|Person=1|Poss=Yes|PronType=Prs,34,0.008631632394008631,32,0.03778040141676505
399,PRON: Animacy=Hum|Case=Ins|Gender=Masc|Number=Sing|Person=2|PronType=Prs,32,0.008123889312008125,28,0.03305785123966942
308,NOUN: Case=Dat|Gender=Fem|Number=Sing,31,0.00787001777100787,28,0.03305785123966942
56,ADJ: Case=Acc|Degree=Pos|Gender=Neut|Number=Sing,30,0.007616146230007616,29,0.03423848878394333
304,NOUN: Case=Acc|Gender=Neut|Number=Plur,30,0.007616146230007616,28,0.03305785123966942
518,VERB: Aspect=Perf|Gender=Neut|Mood=Ind|Number=Sing|Tense=Past|VerbForm=Fin|Voice=Act,30,0.007616146230007616,26,0.030696576151121605
321,NOUN: Case=Ins|Gender=Fem|Number=Plur,29,0.007362274689007363,26,0.030696576151121605
390,PRON: Animacy=Hum|Case=Gen|Gender=Masc|Number=Sing|Person=2|PronType=Prs|Variant=Long,29,0.007362274689007363,25,0.0295159386068477
249,DET: Case=Nom|Gender=Neut|Number=Sing|Number[psor]=Sing|Person=1|Poss=Yes|PronType=Prs,29,0.007362274689007363,25,0.0295159386068477
79,ADJ: Case=Nom|Degree=Pos|Gender=Neut|Number=Sing,29,0.007362274689007363,26,0.030696576151121605
536,X: Abbr=Yes,28,0.007108403148007108,25,0.0295159386068477
88,ADV: Degree=Cmp,27,0.006854531607006854,26,0.030696576151121605
505,VERB: Aspect=Imp|Mood=Ind|Number=Sing|Person=2|VerbForm=Fin|Voice=Act,27,0.006854531607006854,21,0.024793388429752067
371,PRON: Animacy=Hum|Case=Acc|Gender=Masc|Number=Sing|Person=2|PronType=Prs|Variant=Long,26,0.006600660066006601,22,0.025974025974025976
272,NOUN: Animacy=Inan|Case=Ins|Gender=Masc|Number=Plur,25,0.0063467885250063465,23,0.02715466351829988
27,ADJ: Animacy=Inan|Case=Acc|Degree=Pos|Gender=Masc|Number=Plur,25,0.0063467885250063465,23,0.02715466351829988
411,PRON: Animacy=Hum|Case=Nom|Gender=Masc|Number=Sing|PronType=Int,25,0.0063467885250063465,23,0.02715466351829988
316,NOUN: Case=Gen|Gender=Neut|NumType=Sets|Number=Plur,24,0.006092916984006093,18,0.021251475796930343
263,NOUN: Animacy=Hum|Case=Nom|Gender=Masc|Number=Plur,24,0.006092916984006093,21,0.024793388429752067
108,AUX: Aspect=Imp|Gender=Fem|Mood=Ind|Number=Sing|Tense=Past|VerbForm=Fin|Voice=Act,24,0.006092916984006093,22,0.025974025974025976
373,PRON: Animacy=Hum|Case=Acc|Gender=Masc|Number=Sing|Person=3|PrepCase=Npr|PronType=Prs|Variant=Short,22,0.005585173902005585,21,0.024793388429752067
216,DET: Case=Gen|Gender=Fem|Number=Sing|PronType=Dem,21,0.005331302361005331,20,0.023612750885478158
63,ADJ: Case=Gen|Degree=Pos|Gender=Neut|Number=Sing,21,0.005331302361005331,20,0.023612750885478158
350,NUM: Animacy=Inan|Case=Acc|Gender=Masc|NumForm=Word|Number=Plur,21,0.005331302361005331,15,0.01770956316410862
470,PROPN: Case=Nom|Gender=Masc|Number=Sing,20,0.005077430820005078,14,0.01652892561983471
495,VERB: Aspect=Imp|Mood=Imp|Number=Plur|Person=1|VerbForm=Fin|Voice=Act,20,0.005077430820005078,18,0.021251475796930343
430,PRON: Case=Gen|Gender=Fem|Number=Sing|Person=3|PrepCase=Npr|PronType=Prs|Variant=Long,19,0.004823559279004823,16,0.018890200708382526
52,ADJ: Case=Acc|Degree=Pos|Gender=Fem|Number=Plur,19,0.004823559279004823,15,0.01770956316410862
447,PRON: Case=Nom|Gender=Fem|Number=Sing|Person=3|PrepCase=Npr|PronType=Prs|Variant=Long,19,0.004823559279004823,16,0.018890200708382526
478,PUNCT: PunctType=Quot,18,0.00456968773800457,13,0.015348288075560802
376,PRON: Animacy=Hum|Case=Dat|Gender=Masc|Number=Plur|Person=1|PronType=Prs,18,0.00456968773800457,15,0.01770956316410862
506,VERB: Aspect=Imp|Mood=Ind|Number=Sing|Person=3|Tense=Fut|VerbForm=Fin,18,0.00456968773800457,17,0.020070838252656435
287,NOUN: Animacy=Nhum|Case=Nom|Gender=Masc|Number=Plur,18,0.00456968773800457,17,0.020070838252656435
195,DET: Case=Acc|Gender=Fem|Number=Sing|Number[psor]=Sing|Person=1|Poss=Yes|PronType=Prs,18,0.00456968773800457,18,0.021251475796930343
382,PRON: Animacy=Hum|Case=Dat|Gender=Masc|Number=Sing|Person=3|PrepCase=Npr|PronType=Prs|Variant=Short,18,0.00456968773800457,16,0.018890200708382526
101,AUX: Animacy=Hum|Aspect=Imp|Gender=Masc|Mood=Ind|Number=Sing|Tense=Past|VerbForm=Fin|Voice=Act,17,0.004315816197004316,16,0.018890200708382526
255,NOUN: Animacy=Hum|Case=Dat|Gender=Masc|Number=Sing,17,0.004315816197004316,16,0.018890200708382526
342,NOUN: Case=Nom|Gender=Neut|NumType=Sets|Number=Plur,17,0.004315816197004316,16,0.018890200708382526
428,PRON: Case=Dat|Gender=Neut|Number=Sing|PronType=Int,17,0.004315816197004316,15,0.01770956316410862
385,PRON: Animacy=Hum|Case=Gen|Gender=Masc|Number=Plur|Person=1|PronType=Prs,16,0.004061944656004062,15,0.01770956316410862
243,DET: Case=Nom|Gender=Fem|Number=Sing|PronType=Rel,16,0.004061944656004062,15,0.01770956316410862
118,AUX: Aspect=Imp|Mood=Ind|Number=Sing|Person=2|Tense=Fut|VerbForm=Fin,16,0.004061944656004062,14,0.01652892561983471
333,NOUN: Case=Loc|Gender=Masc|Number=Sing,16,0.004061944656004062,15,0.01770956316410862
336,NOUN: Case=Loc|Gender=Neut|Number=Ptan,15,0.003808073115003808,13,0.015348288075560802
279,NOUN: Animacy=Nhum|Case=Acc|Gender=Masc|Number=Plur,15,0.003808073115003808,13,0.015348288075560802
175,DET: Animacy=Inan|Case=Nom|Gender=Masc|Number=Plur|Number[psor]=Plur|Person=1|Poss=Yes|PronType=Prs,15,0.003808073115003808,15,0.01770956316410862
417,PRON: Case=Acc|Gender=Masc|Number=Plur|Person=3|PrepCase=Npr|PronType=Prs|Variant=Long,14,0.003554201574003554,12,0.014167650531286895
415,PRON: Case=Acc|Gender=Fem|Number=Sing|Person=3|PrepCase=Npr|PronType=Prs|Variant=Long,14,0.003554201574003554,14,0.01652892561983471
151,DET: Animacy=Inan|Case=Acc|Gender=Masc|Number=Plur|PronType=Dem,14,0.003554201574003554,11,0.012987012987012988
481,VERB: Animacy=Hum|Aspect=Imp|Gender=Masc|Mood=Ind|Number=Plur|Tense=Past|VerbForm=Fin|Voice=Act,14,0.003554201574003554,10,0.011806375442739079
290,NOUN: Aspect=Imp|Case=Acc|Gender=Neut|Number=Sing|Polarity=Pos|VerbForm=Vnoun,14,0.003554201574003554,14,0.01652892561983471
274,NOUN: Animacy=Inan|Case=Loc|Gender=Masc|Number=Plur,14,0.003554201574003554,14,0.01652892561983471
33,ADJ: Animacy=Inan|Case=Nom|Degree=Pos|Gender=Masc|Number=Plur,14,0.003554201574003554,13,0.015348288075560802
519,VERB: Aspect=Perf|Mood=Imp|Number=Plur|Person=1|VerbForm=Fin|Voice=Act,13,0.0033003300330033004,9,0.010625737898465172
142,DET: Animacy=Hum|Case=Nom|Gender=Masc|Number=Sing|PronType=Dem,13,0.0033003300330033004,11,0.012987012987012988
153,DET: Animacy=Inan|Case=Acc|Gender=Masc|Number=Sing|Number[psor]=Sing|Person=1|Poss=Yes|PronType=Prs,13,0.0033003300330033004,12,0.014167650531286895
284,NOUN: Animacy=Nhum|Case=Ins|Gender=Masc|Number=Sing,13,0.0033003300330033004,12,0.014167650531286895
157,DET: Animacy=Inan|Case=Acc|Gender=Masc|Number=Sing|PronType=Int,13,0.0033003300330033004,13,0.015348288075560802
36,ADJ: Animacy=Nhum|Case=Acc|Degree=Pos|Gender=Masc|Number=Sing,13,0.0033003300330033004,12,0.014167650531286895
344,NOUN: Case=Nom|Gender=Neut|Number=Plur,12,0.0030464584920030465,11,0.012987012987012988
93,ADV: Degree=Sup,12,0.0030464584920030465,12,0.014167650531286895
31,ADJ: Animacy=Inan|Case=Ins|Degree=Pos|Gender=Masc|Number=Sing,12,0.0030464584920030465,12,0.014167650531286895
538,X: Abbr=Yes|Pun=Yes,12,0.0030464584920030465,8,0.009445100354191263
113,AUX: Aspect=Imp|Mood=Ind|Number=Plur|Person=3|Tense=Fut|VerbForm=Fin,12,0.0030464584920030465,11,0.012987012987012988
188,DET: Animacy=Nhum|Case=Nom|Gender=Masc|Number=Sing|PronType=Dem,12,0.0030464584920030465,11,0.012987012987012988
55,ADJ: Case=Acc|Degree=Pos|Gender=Neut|Number=Plur,12,0.0030464584920030465,11,0.012987012987012988
472,PUNCT: PunctType=Comm,12,0.0030464584920030465,9,0.010625737898465172
184,DET: Animacy=Inan|Case=Nom|Gender=Masc|Number=Sing|PronType=Int,11,0.0027925869510027927,11,0.012987012987012988
453,PRON: Case=Nom|Gender=Neut|Number=Sing|PronType=Neg,11,0.0027925869510027927,11,0.012987012987012988
78,ADJ: Case=Nom|Degree=Pos|Gender=Neut|Number=Plur,11,0.0027925869510027927,9,0.010625737898465172
330,NOUN: Case=Loc|Gender=Fem|Number=Plur,11,0.0027925869510027927,10,0.011806375442739079
318,NOUN: Case=Gen|Gender=Neut|Number=Plur,11,0.0027925869510027927,11,0.012987012987012988
446,PRON: Case=Nom|Gender=Fem|Number=Sing|Person=1|PronType=Prs,11,0.0027925869510027927,11,0.012987012987012988
130,DET: Animacy=Hum|Case=Acc|Gender=Masc|Number=Sing|Number[psor]=Sing|Person=1|Poss=Yes|PronType=Prs,11,0.0027925869510027927,9,0.010625737898465172
401,PRON: Animacy=Hum|Case=Loc|Gender=Masc|Number=Sing|Person=1|PronType=Prs|Variant=Long,11,0.0027925869510027927,10,0.011806375442739079
396,PRON: Animacy=Hum|Case=Ins|Gender=Masc|Number=Plur|Person=1|PronType=Prs,11,0.0027925869510027927,9,0.010625737898465172
44,ADJ: Aspect=Imp|Case=Nom|Gender=Fem|Number=Sing|Polarity=Pos|VerbForm=Part|Voice=Pass,11,0.0027925869510027927,10,0.011806375442739079
190,DET: Case=Acc|Gender=Fem|NumType=Card|Number=Plur|PronType=Ind,10,0.002538715410002539,8,0.009445100354191263
488,VERB: Animacy=Inan|Aspect=Perf|Gender=Masc|Mood=Ind|Number=Sing|Tense=Past|VerbForm=Fin|Voice=Act,10,0.002538715410002539,10,0.011806375442739079
256,NOUN: Animacy=Hum|Case=Gen|Gender=Masc|Number=Plur,10,0.002538715410002539,10,0.011806375442739079
300,NOUN: Case=Acc|Gender=Masc|Number=Plur,10,0.002538715410002539,10,0.011806375442739079
363,PRON: Animacy=Hum|Case=Acc|Gender=Masc|Number=Plur|Person=1|PronType=Prs,10,0.002538715410002539,9,0.010625737898465172
269,NOUN: Animacy=Inan|Case=Dat|Gender=Masc|Number=Sing,10,0.002538715410002539,9,0.010625737898465172
524,VERB: Aspect=Perf|Mood=Ind|Number=Plur|Person=3|Tense=Fut|VerbForm=Fin|Voice=Act,10,0.002538715410002539,10,0.011806375442739079
294,NOUN: Aspect=Imp|Case=Gen|Gender=Neut|Number=Sing|Polarity=Pos|VerbForm=Vnoun,10,0.002538715410002539,10,0.011806375442739079
98,ADV: PronType=Rel,10,0.002538715410002539,9,0.010625737898465172
475,PUNCT: PunctType=Hyph,10,0.002538715410002539,10,0.011806375442739079
64,ADJ: Case=Ins|Degree=Pos|Gender=Fem|Number=Sing,9,0.002284843869002285,8,0.009445100354191263
281,NOUN: Animacy=Nhum|Case=Gen|Gender=Masc|Number=Plur,9,0.002284843869002285,9,0.010625737898465172
483,VERB: Animacy=Hum|Aspect=Perf|Gender=Masc|Mood=Ind|Number=Plur|Tense=Past|VerbForm=Fin|Voice=Act,9,0.002284843869002285,6,0.0070838252656434475
32,ADJ: Animacy=Inan|Case=Loc|Degree=Pos|Gender=Masc|Number=Sing,9,0.002284843869002285,9,0.010625737898465172
147,DET: Animacy=Inan|Case=Acc|Gender=Masc|NumType=Card|Number=Plur|PronType=Ind,9,0.002284843869002285,8,0.009445100354191263
95,ADV: PronType=Ind,9,0.002284843869002285,9,0.010625737898465172
340,NOUN: Case=Nom|Gender=Masc|Number=Plur,9,0.002284843869002285,9,0.010625737898465172
167,DET: Animacy=Inan|Case=Ins|Gender=Masc|Number=Sing|PronType=Dem,9,0.002284843869002285,8,0.009445100354191263
245,DET: Case=Nom|Gender=Neut|NumType=Card|Number=Plur|PronType=Ind,9,0.002284843869002285,5,0.0059031877213695395
527,VERB: Aspect=Perf|Mood=Ind|Number=Sing|Person=2|VerbForm=Fin|Voice=Act,9,0.002284843869002285,9,0.010625737898465172
165,DET: Animacy=Inan|Case=Gen|Gender=Masc|Number=Sing|PronType=Dem,9,0.002284843869002285,9,0.010625737898465172
5,ADJ: Animacy=Hum|Case=Acc|Degree=Pos|Gender=Masc|Number=Sing,9,0.002284843869002285,8,0.009445100354191263
191,DET: Case=Acc|Gender=Fem|Number=Plur|Number[psor]=Plur|Person=1|Poss=Yes|PronType=Prs,9,0.002284843869002285,8,0.009445100354191263
325,NOUN: Case=Ins|Gender=Neut|NumType=Sets|Number=Plur,8,0.002030972328002031,7,0.008264462809917356
391,PRON: Animacy=Hum|Case=Gen|Gender=Masc|Number=Sing|Person=2|PronType=Prs|Variant=Short,8,0.002030972328002031,6,0.0070838252656434475
410,PRON: Animacy=Hum|Case=Nom|Gender=Masc|Number=Sing|PronType=Ind,8,0.002030972328002031,6,0.0070838252656434475
9,ADJ: Animacy=Hum|Case=Ins|Degree=Pos|Gender=Masc|Number=Sing,8,0.002030972328002031,7,0.008264462809917356
225,DET: Case=Ins|Gender=Fem|Number=Sing|Number[psor]=Sing|Person=1|Poss=Yes|PronType=Prs,8,0.002030972328002031,8,0.009445100354191263
103,AUX: Animacy=Inan|Aspect=Imp|Gender=Masc|Mood=Ind|Number=Sing|Tense=Past|VerbForm=Fin|Voice=Act,8,0.002030972328002031,8,0.009445100354191263
76,ADJ: Case=Nom|Degree=Pos|Gender=Masc|Number=Plur,8,0.002030972328002031,6,0.0070838252656434475
246,DET: Case=Nom|Gender=Neut|Number=Plur|Number[psor]=Plur|Person=1|Poss=Yes|PronType=Prs,8,0.002030972328002031,8,0.009445100354191263
403,PRON: Animacy=Hum|Case=Nom|Gender=Masc|Number=Plur|Person=1|PronType=Prs,8,0.002030972328002031,8,0.009445100354191263
486,VERB: Animacy=Inan|Aspect=Imp|Gender=Masc|Mood=Ind|Number=Sing|Tense=Past|VerbForm=Fin|Voice=Act,8,0.002030972328002031,8,0.009445100354191263
253,NOUN: Animacy=Hum|Case=Acc|Gender=Masc|Number=Plur,7,0.001777100787001777,7,0.008264462809917356
515,VERB: Aspect=Perf|Gender=Fem|Mood=Ind|Number=Plur|Tense=Past|VerbForm=Fin|Voice=Act,7,0.001777100787001777,7,0.008264462809917356
99,ADV: PronType=Tot,7,0.001777100787001777,7,0.008264462809917356
496,VERB: Aspect=Imp|Mood=Imp|Number=Plur|Person=2|VerbForm=Fin|Voice=Act,7,0.001777100787001777,7,0.008264462809917356
530,VERB: Aspect=Perf|Mood=Ind|Number=Sing|Person=3|Tense=Pres|VerbForm=Fin|Voice=Act,7,0.001777100787001777,6,0.0070838252656434475
238,DET: Case=Nom|Gender=Fem|Number=Plur|Number[psor]=Plur|Person=1|Poss=Yes|PronType=Prs,7,0.001777100787001777,7,0.008264462809917356
520,VERB: Aspect=Perf|Mood=Imp|Number=Plur|Person=2|VerbForm=Fin|Voice=Act,7,0.001777100787001777,6,0.0070838252656434475
207,DET: Case=Acc|Gender=Neut|Number=Sing|Number[psor]=Sing|Person=1|Poss=Yes|PronType=Prs,7,0.001777100787001777,7,0.008264462809917356
451,PRON: Case=Nom|Gender=Neut|Number=Sing|PronType=Ind,7,0.001777100787001777,7,0.008264462809917356
466,PROPN: Case=Gen|Gender=Fem|Number=Sing,6,0.0015232292460015233,6,0.0070838252656434475
278,NOUN: Animacy=Inan|Case=Voc|Gender=Masc|Number=Sing,6,0.0015232292460015233,5,0.0059031877213695395
74,ADJ: Case=Nom|Degree=Pos|Gender=Fem|Number=Plur,6,0.0015232292460015233,5,0.0059031877213695395
351,NUM: Animacy=Inan|Case=Nom|Gender=Masc|NumForm=Word|Number=Plur,6,0.0015232292460015233,5,0.0059031877213695395
223,DET: Case=Gen|Gender=Neut|Number=Sing|PronType=Dem,6,0.0015232292460015233,6,0.0070838252656434475
404,PRON: Animacy=Hum|Case=Nom|Gender=Masc|Number=Plur|Person=3|PrepCase=Npr|PronType=Prs|Variant=Long,6,0.0015232292460015233,5,0.0059031877213695395
213,DET: Case=Gen|Gender=Fem|Number=Sing|Number[psor]=Plur|Person=1|Poss=Yes|PronType=Prs,6,0.0015232292460015233,6,0.0070838252656434475
297,NOUN: Aspect=Perf|Case=Acc|Gender=Neut|Number=Sing|Polarity=Pos|VerbForm=Vnoun,6,0.0015232292460015233,6,0.0070838252656434475
163,DET: Animacy=Inan|Case=Gen|Gender=Masc|Number=Sing|Number[psor]=Plur|Person=1|Poss=Yes|PronType=Prs,6,0.0015232292460015233,6,0.0070838252656434475
302,NOUN: Case=Acc|Gender=Neut|NumType=Sets|Number=Plur,6,0.0015232292460015233,5,0.0059031877213695395
354,NUM: Case=Acc|Gender=Fem|NumForm=Word|Number=Plur,6,0.0015232292460015233,6,0.0070838252656434475
226,DET: Case=Ins|Gender=Fem|Number=Sing|PronType=Dem,6,0.0015232292460015233,5,0.0059031877213695395
199,DET: Case=Acc|Gender=Fem|Number=Sing|PronType=Rel,6,0.0015232292460015233,6,0.0070838252656434475
414,PRON: Case=Acc|Gender=Fem|Number=Plur|Person=3|PrepCase=Npr|PronType=Prs|Variant=Long,6,0.0015232292460015233,6,0.0070838252656434475
327,NOUN: Case=Ins|Gender=Neut|Number=Plur,6,0.0015232292460015233,6,0.0070838252656434475
487,VERB: Animacy=Inan|Aspect=Perf|Gender=Masc|Mood=Ind|Number=Plur|Tense=Past|VerbForm=Fin|Voice=Act,5,0.0012693577050012694,4,0.004722550177095631
29,ADJ: Animacy=Inan|Case=Gen|Degree=Pos|Gender=Masc|Number=Sing,5,0.0012693577050012694,5,0.0059031877213695395
3,ADJ: Animacy=Hum|Aspect=Perf|Case=Nom|Gender=Masc|Number=Sing|Polarity=Pos|VerbForm=Part|Voice=Pass,5,0.0012693577050012694,5,0.0059031877213695395
345,NOUN: Case=Nom|Gender=Neut|Number=Ptan,5,0.0012693577050012694,5,0.0059031877213695395
343,NOUN: Case=Nom|Gender=Neut|NumType=Sets|Number=Sing,5,0.0012693577050012694,5,0.0059031877213695395
511,VERB: Aspect=Imp|Mood=Ind|Number=Sing|Tense=Pres|VerbForm=Fin|Voice=Act,5,0.0012693577050012694,5,0.0059031877213695395
319,NOUN: Case=Gen|Gender=Neut|Number=Ptan,5,0.0012693577050012694,5,0.0059031877213695395
364,PRON: Animacy=Hum|Case=Acc|Gender=Masc|Number=Plur|Person=2|PronType=Prs,5,0.0012693577050012694,2,0.0023612750885478157
500,VERB: Aspect=Imp|Mood=Ind|Number=Plur|Person=2|Tense=Pres|VerbForm=Fin|Voice=Act,5,0.0012693577050012694,5,0.0059031877213695395
295,NOUN: Aspect=Imp|Case=Loc|Gender=Neut|Number=Sing|Polarity=Pos|VerbForm=Vnoun,5,0.0012693577050012694,5,0.0059031877213695395
60,ADJ: Case=Gen|Degree=Pos|Gender=Fem|Number=Sing,5,0.0012693577050012694,5,0.0059031877213695395
370,PRON: Animacy=Hum|Case=Acc|Gender=Masc|Number=Sing|Person=2|PronType=Prs,5,0.0012693577050012694,5,0.0059031877213695395
51,ADJ: Aspect=Perf|Case=Nom|Gender=Neut|Number=Sing|Polarity=Pos|VerbForm=Part|Voice=Pass,5,0.0012693577050012694,5,0.0059031877213695395
154,DET: Animacy=Inan|Case=Acc|Gender=Masc|Number=Sing|Poss=Yes|PronType=Prs|Reflex=Yes,5,0.0012693577050012694,4,0.004722550177095631
209,DET: Case=Acc|Gender=Neut|Number=Sing|PronType=Dem,5,0.0012693577050012694,5,0.0059031877213695395
107,AUX: Aspect=Imp|Gender=Fem|Mood=Ind|Number=Plur|Tense=Past|VerbForm=Fin|Voice=Act,5,0.0012693577050012694,4,0.004722550177095631
392,PRON: Animacy=Hum|Case=Gen|Gender=Masc|Number=Sing|Person=3|PrepCase=Npr|PronType=Prs|Variant=Short,5,0.0012693577050012694,3,0.0035419126328217238
198,DET: Case=Acc|Gender=Fem|Number=Sing|PronType=Ind,5,0.0012693577050012694,5,0.0059031877213695395
438,PRON: Case=Ins|Gender=Fem|Number=Sing|Person=3|PrepCase=Pre|PronType=Prs|Variant=Long,5,0.0012693577050012694,5,0.0059031877213695395
439,PRON: Case=Ins|Gender=Neut|Number=Sing|PronType=Dem,5,0.0012693577050012694,4,0.004722550177095631
442,PRON: Case=Loc|Gender=Neut|Number=Sing|PronType=Dem,5,0.0012693577050012694,5,0.0059031877213695395
402,PRON: Animacy=Hum|Case=Nom|Gender=Fem|Number=Sing|Person=1|PronType=Prs,5,0.0012693577050012694,5,0.0059031877213695395
477,PUNCT: PunctType=Qest,5,0.0012693577050012694,4,0.004722550177095631
158,DET: Animacy=Inan|Case=Acc|Gender=Masc|Number=Sing|PronType=Rel,5,0.0012693577050012694,5,0.0059031877213695395
192,DET: Case=Acc|Gender=Fem|Number=Plur|PronType=Dem,5,0.0012693577050012694,5,0.0059031877213695395
212,DET: Case=Gen|Gender=Fem|Number=Plur|PronType=Dem,4,0.0010154861640010156,4,0.004722550177095631
293,NOUN: Aspect=Imp|Case=Gen|Gender=Neut|Number=Sing,4,0.0010154861640010156,3,0.0035419126328217238
25,ADJ: Animacy=Inan|Aspect=Perf|Case=Nom|Gender=Masc|Number=Sing|Polarity=Pos|VerbForm=Part|Voice=Pass,4,0.0010154861640010156,4,0.004722550177095631
394,PRON: Animacy=Hum|Case=Gen|Gender=Masc|Number=Sing|PronType=Int,4,0.0010154861640010156,4,0.004722550177095631
405,PRON: Animacy=Hum|Case=Nom|Gender=Masc|Number=Ptan|PronType=Tot,4,0.0010154861640010156,4,0.004722550177095631
424,PRON: Case=Acc|Gender=Neut|Number=Sing|PronType=Tot,4,0.0010154861640010156,4,0.004722550177095631
296,NOUN: Aspect=Imp|Case=Nom|Gender=Neut|Number=Sing|Polarity=Pos|VerbForm=Vnoun,4,0.0010154861640010156,3,0.0035419126328217238
323,NOUN: Case=Ins|Gender=Masc|Number=Plur,4,0.0010154861640010156,4,0.004722550177095631
462,PROPN: Animacy=Inan|Case=Nom|Gender=Masc|Number=Sing,4,0.0010154861640010156,2,0.0023612750885478157
324,NOUN: Case=Ins|Gender=Masc|Number=Sing,4,0.0010154861640010156,4,0.004722550177095631
176,DET: Animacy=Inan|Case=Nom|Gender=Masc|Number=Plur|PronType=Dem,4,0.0010154861640010156,4,0.004722550177095631
135,DET: Animacy=Hum|Case=Gen|Gender=Masc|Number=Sing|PronType=Dem,4,0.0010154861640010156,3,0.0035419126328217238
455,PRON: Case=Nom|Gender=Neut|Number=Sing|PronType=Tot,4,0.0010154861640010156,4,0.004722550177095631
68,ADJ: Case=Loc|Degree=Pos|Gender=Fem|Number=Sing,4,0.0010154861640010156,4,0.004722550177095631
508,VERB: Aspect=Imp|Mood=Ind|Number=Sing|Person=3|VerbForm=Fin|Voice=Act,4,0.0010154861640010156,3,0.0035419126328217238
132,DET: Animacy=Hum|Case=Acc|Gender=Masc|Number=Sing|PronType=Dem,4,0.0010154861640010156,4,0.004722550177095631
259,NOUN: Animacy=Hum|Case=Ins|Gender=Masc|Number=Plur,4,0.0010154861640010156,4,0.004722550177095631
97,ADV: PronType=Neg,4,0.0010154861640010156,4,0.004722550177095631
307,NOUN: Case=Dat|Gender=Fem|Number=Plur,4,0.0010154861640010156,4,0.004722550177095631
247,DET: Case=Nom|Gender=Neut|Number=Plur|PronType=Dem,4,0.0010154861640010156,4,0.004722550177095631
84,ADP: AdpType=Post|Case=Acc,4,0.0010154861640010156,3,0.0035419126328217238
474,PUNCT: PunctType=Excl,4,0.0010154861640010156,3,0.0035419126328217238
71,ADJ: Case=Loc|Degree=Pos|Gender=Neut|Number=Sing,4,0.0010154861640010156,4,0.004722550177095631
1,ADJ: Animacy=Hum|Aspect=Imp|Case=Nom|Gender=Masc|Number=Sing|Polarity=Pos|VerbForm=Part|Voice=Pass,4,0.0010154861640010156,4,0.004722550177095631
201,DET: Case=Acc|Gender=Neut|NumType=Card|Number=Plur|PronType=Ind,4,0.0010154861640010156,3,0.0035419126328217238
435,PRON: Case=Gen|Gender=Neut|Number=Sing|PronType=Neg,4,0.0010154861640010156,4,0.004722550177095631
170,DET: Animacy=Inan|Case=Loc|Gender=Masc|Number=Sing|Number[psor]=Plur|Person=1|Poss=Yes|PronType=Prs,4,0.0010154861640010156,4,0.004722550177095631
335,NOUN: Case=Loc|Gender=Neut|Number=Plur,4,0.0010154861640010156,4,0.004722550177095631
231,DET: Case=Loc|Gender=Fem|Number=Sing|PronType=Dem,4,0.0010154861640010156,3,0.0035419126328217238
359,NUM: Case=Nom|Gender=Neut|NumForm=Word|Number=Plur,3,0.0007616146230007616,1,0.0011806375442739079
30,ADJ: Animacy=Inan|Case=Ins|Degree=Pos|Gender=Masc|Number=Plur,3,0.0007616146230007616,3,0.0035419126328217238
139,DET: Animacy=Hum|Case=Nom|Gender=Masc|Number=Plur|PronType=Dem,3,0.0007616146230007616,3,0.0035419126328217238
480,SCONJ: ConjType=Pred,3,0.0007616146230007616,3,0.0035419126328217238
180,DET: Animacy=Inan|Case=Nom|Gender=Masc|Number=Sing|Number[psor]=Plur|Person=1|Poss=Yes|PronType=Prs,3,0.0007616146230007616,2,0.0023612750885478157
148,DET: Animacy=Inan|Case=Acc|Gender=Masc|Number=Plur|Number[psor]=Plur|Person=1|Poss=Yes|PronType=Prs,3,0.0007616146230007616,3,0.0035419126328217238
332,NOUN: Case=Loc|Gender=Masc|Number=Plur,3,0.0007616146230007616,3,0.0035419126328217238
172,DET: Animacy=Inan|Case=Loc|Gender=Masc|Number=Sing|PronType=Dem,3,0.0007616146230007616,3,0.0035419126328217238
352,NUM: Animacy=Nhum|Case=Acc|Gender=Masc|NumForm=Word|Number=Plur,3,0.0007616146230007616,3,0.0035419126328217238
11,ADJ: Animacy=Hum|Case=Nom|Degree=Pos|Gender=Masc|Number=Plur,3,0.0007616146230007616,3,0.0035419126328217238
440,PRON: Case=Ins|Gender=Neut|Number=Sing|PronType=Int,3,0.0007616146230007616,3,0.0035419126328217238
443,PRON: Case=Loc|Gender=Neut|Number=Sing|PronType=Int,3,0.0007616146230007616,3,0.0035419126328217238
136,DET: Animacy=Hum|Case=Ins|Gender=Masc|Number=Sing|Number[psor]=Sing|Person=1|Poss=Yes|PronType=Prs,3,0.0007616146230007616,3,0.0035419126328217238
412,PRON: Animacy=Hum|Case=Nom|Gender=Masc|Number=Sing|PronType=Neg,3,0.0007616146230007616,3,0.0035419126328217238
377,PRON: Animacy=Hum|Case=Dat|Gender=Masc|Number=Plur|Person=2|PronType=Prs,3,0.0007616146230007616,3,0.0035419126328217238
261,NOUN: Animacy=Hum|Case=Loc|Gender=Masc|Number=Sing,3,0.0007616146230007616,3,0.0035419126328217238
236,DET: Case=Loc|Gender=Neut|Number=Sing|PronType=Dem,3,0.0007616146230007616,3,0.0035419126328217238
77,ADJ: Case=Nom|Degree=Pos|Gender=Masc|Number=Sing,3,0.0007616146230007616,3,0.0035419126328217238
463,PROPN: Case=Acc|Gender=Fem|Number=Sing,3,0.0007616146230007616,3,0.0035419126328217238
239,DET: Case=Nom|Gender=Fem|Number=Plur|PronType=Dem,3,0.0007616146230007616,3,0.0035419126328217238
286,NOUN: Animacy=Nhum|Case=Loc|Gender=Masc|Number=Sing,3,0.0007616146230007616,3,0.0035419126328217238
400,PRON: Animacy=Hum|Case=Ins|Gender=Masc|Number=Sing|Person=3|PrepCase=Pre|PronType=Prs|Variant=Long,3,0.0007616146230007616,2,0.0023612750885478157
233,DET: Case=Loc|Gender=Fem|Number=Sing|PronType=Rel,3,0.0007616146230007616,3,0.0035419126328217238
59,ADJ: Case=Gen|Degree=Pos|Gender=Fem|Number=Plur,3,0.0007616146230007616,3,0.0035419126328217238
218,DET: Case=Gen|Gender=Fem|Number=Sing|PronType=Rel,3,0.0007616146230007616,3,0.0035419126328217238
131,DET: Animacy=Hum|Case=Acc|Gender=Masc|Number=Sing|Poss=Yes|PronType=Prs|Reflex=Yes,3,0.0007616146230007616,3,0.0035419126328217238
134,DET: Animacy=Hum|Case=Gen|Gender=Masc|Number=Sing|Poss=Yes|PronType=Prs|Reflex=Yes,3,0.0007616146230007616,3,0.0035419126328217238
204,DET: Case=Acc|Gender=Neut|Number=Plur|PronType=Dem,3,0.0007616146230007616,2,0.0023612750885478157
102,AUX: Animacy=Inan|Aspect=Imp|Gender=Masc|Mood=Ind|Number=Plur|Tense=Past|VerbForm=Fin|Voice=Act,3,0.0007616146230007616,3,0.0035419126328217238
48,ADJ: Aspect=Perf|Case=Nom|Gender=Fem|Number=Sing|Polarity=Pos|VerbForm=Part|Voice=Pass,3,0.0007616146230007616,3,0.0035419126328217238
250,DET: Case=Nom|Gender=Neut|Number=Sing|PronType=Dem,3,0.0007616146230007616,3,0.0035419126328217238
444,PRON: Case=Loc|PronType=Prs|Reflex=Yes,2,0.0005077430820005078,2,0.0023612750885478157
485,VERB: Animacy=Inan|Aspect=Imp|Gender=Masc|Mood=Ind|Number=Plur|Tense=Past|VerbForm=Fin|Voice=Act,2,0.0005077430820005078,2,0.0023612750885478157
471,PROPN: Case=Nom|Gender=Neut|Number=Sing,2,0.0005077430820005078,2,0.0023612750885478157
532,VERB: Aspect=Perf|Mood=Ind|Number=Sing|Tense=Past|VerbForm=Fin|Voice=Act,2,0.0005077430820005078,1,0.0011806375442739079
388,PRON: Animacy=Hum|Case=Gen|Gender=Masc|Number=Plur|Person=3|PrepCase=Pre|PronType=Prs|Variant=Long,2,0.0005077430820005078,2,0.0023612750885478157
531,VERB: Aspect=Perf|Mood=Ind|Number=Sing|Person=3|VerbForm=Fin|Voice=Act,2,0.0005077430820005078,2,0.0023612750885478157
445,PRON: Case=Nom|Gender=Fem|Number=Plur|Person=3|PrepCase=Npr|PronType=Prs|Variant=Long,2,0.0005077430820005078,2,0.0023612750885478157
467,PROPN: Case=Gen|Gender=Neut|Number=Sing,2,0.0005077430820005078,1,0.0011806375442739079
512,VERB: Aspect=Imp|Mood=Ind|Number=Sing|VerbForm=Fin|Voice=Act,2,0.0005077430820005078,2,0.0023612750885478157
393,PRON: Animacy=Hum|Case=Gen|Gender=Masc|Number=Sing|Person=3|PrepCase=Pre|PronType=Prs|Variant=Long,2,0.0005077430820005078,2,0.0023612750885478157
489,VERB: Aspect=Imp|Gender=Fem|Mood=Ind|Number=Plur|Tense=Past|VerbForm=Fin|Voice=Act,2,0.0005077430820005078,1,0.0011806375442739079
493,VERB: Aspect=Imp|Gender=Neut|Mood=Ind|Number=Plur|Tense=Past|VerbForm=Fin|Voice=Act,2,0.0005077430820005078,2,0.0023612750885478157
521,VERB: Aspect=Perf|Mood=Imp|Number=Sing|Person=1|VerbForm=Fin|Voice=Act,2,0.0005077430820005078,2,0.0023612750885478157
413,PRON: Animacy=Hum|Case=Nom|Gender=Masc|Number=Sing|PronType=Rel,2,0.0005077430820005078,2,0.0023612750885478157
395,PRON: Animacy=Hum|Case=Gen|Gender=Masc|Number=Sing|PronType=Neg,2,0.0005077430820005078,1,0.0011806375442739079
427,PRON: Case=Dat|Gender=Fem|Number=Sing|Person=3|PrepCase=Npr|PronType=Prs|Variant=Long,2,0.0005077430820005078,2,0.0023612750885478157
355,NUM: Case=Acc|Gender=Masc|NumForm=Word|Number=Plur,2,0.0005077430820005078,2,0.0023612750885478157
426,PRON: Case=Acc|PronType=Prs|Reflex=Yes,2,0.0005077430820005078,1,0.0011806375442739079
367,PRON: Animacy=Hum|Case=Acc|Gender=Masc|Number=Sing|Person=1|PronType=Prs,2,0.0005077430820005078,2,0.0023612750885478157
423,PRON: Case=Acc|Gender=Neut|Number=Sing|PronType=Rel,2,0.0005077430820005078,2,0.0023612750885478157
416,PRON: Case=Acc|Gender=Fem|Number=Sing|Person=3|PrepCase=Pre|PronType=Prs|Variant=Long,2,0.0005077430820005078,2,0.0023612750885478157
458,PROPN: Animacy=Hum|Case=Gen|Gender=Masc|Number=Sing,2,0.0005077430820005078,2,0.0023612750885478157
449,PRON: Case=Nom|Gender=Masc|Number=Sing|PronType=Prs,2,0.0005077430820005078,2,0.0023612750885478157
540,X: NumForm=Digit,2,0.0005077430820005078,2,0.0023612750885478157
349,NUM: Animacy=Inan|Case=Acc|Gender=Masc|NumForm=Digit|NumType=Card|Number=Plur,2,0.0005077430820005078,2,0.0023612750885478157
203,DET: Case=Acc|Gender=Neut|Number=Plur|Poss=Yes|PronType=Prs|Reflex=Yes,2,0.0005077430820005078,2,0.0023612750885478157
69,ADJ: Case=Loc|Degree=Pos|Gender=Masc|Number=Plur,2,0.0005077430820005078,2,0.0023612750885478157
66,ADJ: Case=Ins|Degree=Pos|Gender=Neut|Number=Sing,2,0.0005077430820005078,1,0.0011806375442739079
65,ADJ: Case=Ins|Degree=Pos|Gender=Neut|Number=Plur,2,0.0005077430820005078,2,0.0023612750885478157
194,DET: Case=Acc|Gender=Fem|Number=Plur|PronType=Tot,2,0.0005077430820005078,2,0.0023612750885478157
196,DET: Case=Acc|Gender=Fem|Number=Sing|Poss=Yes|PronType=Prs|Reflex=Yes,2,0.0005077430820005078,2,0.0023612750885478157
200,DET: Case=Acc|Gender=Masc|NumType=Card|Number=Plur|PronType=Int,2,0.0005077430820005078,2,0.0023612750885478157
206,DET: Case=Acc|Gender=Neut|Number=Plur|PronType=Tot,2,0.0005077430820005078,2,0.0023612750885478157
70,ADJ: Case=Loc|Degree=Pos|Gender=Masc|Number=Sing|VerbForm=Part,2,0.0005077430820005078,2,0.0023612750885478157
57,ADJ: Case=Dat|Degree=Pos|Gender=Neut|Number=Plur,2,0.0005077430820005078,1,0.0011806375442739079
214,DET: Case=Gen|Gender=Fem|Number=Sing|Number[psor]=Sing|Person=1|Poss=Yes|PronType=Prs,2,0.0005077430820005078,2,0.0023612750885478157
217,DET: Case=Gen|Gender=Fem|Number=Sing|PronType=Neg,2,0.0005077430820005078,1,0.0011806375442739079
219,DET: Case=Gen|Gender=Masc|Number=Sing|Number[psor]=Sing|Person=1|Poss=Yes|PronType=Prs,2,0.0005077430820005078,2,0.0023612750885478157
46,ADJ: Aspect=Perf|Case=Acc|Gender=Neut|Number=Sing|Polarity=Pos|VerbForm=Part|Voice=Pass,2,0.0005077430820005078,2,0.0023612750885478157
234,DET: Case=Loc|Gender=Neut|Number=Sing|Number[psor]=Sing|Person=1|Poss=Yes|PronType=Prs,2,0.0005077430820005078,2,0.0023612750885478157
185,DET: Animacy=Inan|Case=Nom|Gender=Masc|Number=Sing|PronType=Rel,2,0.0005077430820005078,2,0.0023612750885478157
81,ADJ: Degree=Pos,2,0.0005077430820005078,1,0.0011806375442739079
237,DET: Case=Nom|Gender=Fem|NumType=Card|Number=Plur|PronType=Ind,2,0.0005077430820005078,2,0.0023612750885478157
112,AUX: Aspect=Imp|Mood=Ind|Number=Plur|Person=2|Tense=Pres|VerbForm=Fin|Voice=Act,2,0.0005077430820005078,2,0.0023612750885478157
129,DET: Animacy=Hum|Case=Acc|Gender=Masc|Number=Plur|PronType=Tot,2,0.0005077430820005078,2,0.0023612750885478157
138,DET: Animacy=Hum|Case=Nom|Gender=Masc|Number=Plur|Number[psor]=Plur|Person=1|Poss=Yes|PronType=Prs,2,0.0005077430820005078,1,0.0011806375442739079
144,DET: Animacy=Hum|Case=Nom|Gender=Masc|Number=Sing|PronType=Rel,2,0.0005077430820005078,2,0.0023612750885478157
124,AUX: Aspect=Imp|VerbForm=Inf|Voice=Act,2,0.0005077430820005078,1,0.0011806375442739079
119,AUX: Aspect=Imp|Mood=Ind|Number=Sing|Person=2|Tense=Fut|VerbForm=Fin|Voice=Act,2,0.0005077430820005078,2,0.0023612750885478157
156,DET: Animacy=Inan|Case=Acc|Gender=Masc|Number=Sing|PronType=Ind,2,0.0005077430820005078,2,0.0023612750885478157
110,AUX: Aspect=Imp|Mood=Imp|Number=Sing|Person=2|VerbForm=Fin|Voice=Act,2,0.0005077430820005078,2,0.0023612750885478157
83,ADJ: PrepCase=Pre,2,0.0005077430820005078,2,0.0023612750885478157
162,DET: Animacy=Inan|Case=Gen|Gender=Masc|Number=Plur|PronType=Dem,2,0.0005077430820005078,2,0.0023612750885478157
164,DET: Animacy=Inan|Case=Gen|Gender=Masc|Number=Sing|Poss=Yes|PronType=Prs|Reflex=Yes,2,0.0005077430820005078,2,0.0023612750885478157
166,DET: Animacy=Inan|Case=Gen|Gender=Masc|Number=Sing|PronType=Neg,2,0.0005077430820005078,2,0.0023612750885478157
168,DET: Animacy=Inan|Case=Ins|Gender=Masc|Number=Sing|PronType=Int,2,0.0005077430820005078,2,0.0023612750885478157
100,AUX: Animacy=Hum|Aspect=Imp|Gender=Masc|Mood=Ind|Number=Plur|Tense=Past|VerbForm=Fin|Voice=Act,2,0.0005077430820005078,2,0.0023612750885478157
171,DET: Animacy=Inan|Case=Loc|Gender=Masc|Number=Sing|Number[psor]=Sing|Person=1|Poss=Yes|PronType=Prs,2,0.0005077430820005078,2,0.0023612750885478157
39,ADJ: Animacy=Nhum|Case=Nom|Degree=Pos|Gender=Masc|Number=Plur,2,0.0005077430820005078,2,0.0023612750885478157
54,ADJ: Case=Acc|Degree=Pos|Gender=Masc|Number=Plur,2,0.0005077430820005078,2,0.0023612750885478157
314,NOUN: Case=Gen|Gender=Masc|Number=Plur,2,0.0005077430820005078,2,0.0023612750885478157
16,ADJ: Animacy=Inan|Aspect=Imp|Case=Acc|Gender=Masc|Number=Sing|Polarity=Pos|VerbForm=Part|Voice=Pass,2,0.0005077430820005078,2,0.0023612750885478157
8,ADJ: Animacy=Hum|Case=Ins|Degree=Cmp|Gender=Masc|Number=Sing,2,0.0005077430820005078,2,0.0023612750885478157
317,NOUN: Case=Gen|Gender=Neut|NumType=Sets|Number=Sing,2,0.0005077430820005078,2,0.0023612750885478157
252,DET: Case=Nom|Gender=Neut|Number=Sing|PronType=Rel,2,0.0005077430820005078,2,0.0023612750885478157
24,ADJ: Animacy=Inan|Aspect=Perf|Case=Nom|Gender=Masc|Number=Plur|Polarity=Pos|VerbForm=Part|Voice=Pass,2,0.0005077430820005078,2,0.0023612750885478157
310,NOUN: Case=Dat|Gender=Neut|NumType=Sets|Number=Plur,2,0.0005077430820005078,1,0.0011806375442739079
311,NOUN: Case=Dat|Gender=Neut|Number=Sing,2,0.0005077430820005078,2,0.0023612750885478157
326,NOUN: Case=Ins|Gender=Neut|NumType=Sets|Number=Sing,2,0.0005077430820005078,2,0.0023612750885478157
13,ADJ: Animacy=Hum|Case=Voc|Degree=Pos|Gender=Masc|Number=Plur,2,0.0005077430820005078,1,0.0011806375442739079
283,NOUN: Animacy=Nhum|Case=Ins|Gender=Masc|Number=Plur,2,0.0005077430820005078,2,0.0023612750885478157
285,NOUN: Animacy=Nhum|Case=Loc|Gender=Masc|Number=Plur,2,0.0005077430820005078,1,0.0011806375442739079
91,ADV: Degree=Pos|PronType=Ind,1,0.0002538715410002539,1,0.0011806375442739079
104,AUX: Animacy=Inan|Aspect=Perf|Gender=Masc|Mood=Ind|Number=Sing|Tense=Past|VerbForm=Fin|Voice=Act,1,0.0002538715410002539,1,0.0011806375442739079
105,AUX: Aspect=Imp|Clitic=Yes|Number=Sing|Person=1|Variant=Long,1,0.0002538715410002539,1,0.0011806375442739079
533,VERB: Aspect=Perf|Number=Sing|VerbForm=Fin|Voice=Act,1,0.0002538715410002539,1,0.0011806375442739079
106,AUX: Aspect=Imp|Clitic=Yes|Number=Sing|Person=1|Variant=Short,1,0.0002538715410002539,1,0.0011806375442739079
14,ADJ: Animacy=Inan|Aspect=Imp|Case=Acc|Gender=Masc|Number=Plur|Polarity=Pos|VerbForm=Part|Voice=Act,1,0.0002538715410002539,1,0.0011806375442739079
109,AUX: Aspect=Imp|Gender=Neut|Mood=Ind|Number=Sing|Tense=Past|VerbForm=Fin|Voice=Act,1,0.0002538715410002539,1,0.0011806375442739079
82,ADJ: Degree=Pos|PrepCase=Pre,1,0.0002538715410002539,1,0.0011806375442739079
10,ADJ: Animacy=Hum|Case=Nom|Degree=Cmp|Gender=Masc|Number=Sing,1,0.0002538715410002539,1,0.0011806375442739079
513,VERB: Aspect=Imp|Tense=Pres|VerbForm=Conv|Voice=Act,1,0.0002538715410002539,1,0.0011806375442739079
80,ADJ: Case=Nom|Gender=Neut|Number=Plur|Polarity=Pos|VerbForm=Part,1,0.0002538715410002539,1,0.0011806375442739079
473,PUNCT: PunctType=Dash,1,0.0002538715410002539,1,0.0011806375442739079
116,AUX: Aspect=Imp|Mood=Ind|Number=Sing|Person=1|Tense=Pres|VerbForm=Fin,1,0.0002538715410002539,1,0.0011806375442739079
7,ADJ: Animacy=Hum|Case=Gen|Degree=Pos|Gender=Masc|Number=Sing,1,0.0002538715410002539,1,0.0011806375442739079
6,ADJ: Animacy=Hum|Case=Acc|Degree=Pos|Gender=Masc|Number=Sing|VerbForm=Part|Voice=Pass,1,0.0002538715410002539,1,0.0011806375442739079
123,AUX: Aspect=Imp|Mood=Ind|Number=Sing|Tense=Pres|VerbForm=Fin|Voice=Act,1,0.0002538715410002539,1,0.0011806375442739079
537,X: Abbr=Yes|Pun=No,1,0.0002538715410002539,1,0.0011806375442739079
468,PROPN: Case=Ins|Gender=Fem|Number=Sing,1,0.0002538715410002539,1,0.0011806375442739079
125,AUX: Aspect=Perf|VerbForm=Inf|Voice=Act,1,0.0002538715410002539,1,0.0011806375442739079
127,DET: Animacy=Hum|Case=Acc|Gender=Masc|Number=Plur|Number[psor]=Plur|Person=1|Poss=Yes|PronType=Prs,1,0.0002538715410002539,1,0.0011806375442739079
465,PROPN: Case=Dat|Gender=Fem|Number=Sing,1,0.0002538715410002539,1,0.0011806375442739079
464,PROPN: Case=Acc|Gender=Neut|Number=Sing,1,0.0002538715410002539,1,0.0011806375442739079
128,DET: Animacy=Hum|Case=Acc|Gender=Masc|Number=Plur|Poss=Yes|PronType=Prs|Reflex=Yes,1,0.0002538715410002539,1,0.0011806375442739079
4,ADJ: Animacy=Hum|Case=Acc|Degree=Pos|Gender=Masc|Number=Plur,1,0.0002538715410002539,1,0.0011806375442739079
2,ADJ: Animacy=Hum|Aspect=Perf|Case=Nom|Gender=Masc|Number=Plur|Polarity=Pos|VerbForm=Part|Voice=Pass,1,0.0002538715410002539,1,0.0011806375442739079
529,VERB: Aspect=Perf|Mood=Ind|Number=Sing|Person=3|Tense=Past|VerbForm=Fin|Voice=Act,1,0.0002538715410002539,1,0.0011806375442739079
15,ADJ: Animacy=Inan|Aspect=Imp|Case=Acc|Gender=Masc|Number=Sing|Polarity=Pos|VerbForm=Part|Voice=Act,1,0.0002538715410002539,1,0.0011806375442739079
73,ADJ: Case=Nom|Degree=Cmp|Gender=Neut|Number=Sing,1,0.0002538715410002539,1,0.0011806375442739079
23,ADJ: Animacy=Inan|Aspect=Perf|Case=Nom|Degree=Pos|Gender=Masc|Number=Sing|Voice=Pass,1,0.0002538715410002539,1,0.0011806375442739079
37,ADJ: Animacy=Nhum|Case=Gen|Degree=Pos|Gender=Masc|Number=Sing,1,0.0002538715410002539,1,0.0011806375442739079
35,ADJ: Animacy=Inan|Case=Nom|Degree=Pos|Gender=Masc|Number=Sing|Voice=Pass,1,0.0002538715410002539,1,0.0011806375442739079
41,ADJ: Aspect=Imp|Case=Acc|Gender=Fem|Number=Sing|Polarity=Pos|VerbForm=Part|Voice=Pass,1,0.0002538715410002539,1,0.0011806375442739079
510,VERB: Aspect=Imp|Mood=Ind|Number=Sing|Tense=Pres|VerbForm=Fin|VerbType=Quasi,1,0.0002538715410002539,1,0.0011806375442739079
509,VERB: Aspect=Imp|Mood=Ind|Number=Sing|Tense=Past|VerbForm=Fin|Voice=Act,1,0.0002538715410002539,1,0.0011806375442739079
42,ADJ: Aspect=Imp|Case=Gen|Gender=Fem|Number=Sing|Polarity=Pos|VerbForm=Part|Voice=Pass,1,0.0002538715410002539,1,0.0011806375442739079
43,ADJ: Aspect=Imp|Case=Loc|Gender=Masc|Number=Sing|Polarity=Pos|VerbForm=Part|Voice=Pass,1,0.0002538715410002539,1,0.0011806375442739079
45,ADJ: Aspect=Perf|Case=Acc|Gender=Fem|Number=Plur|Polarity=Pos|VerbForm=Part|Voice=Pass,1,0.0002538715410002539,1,0.0011806375442739079
517,VERB: Aspect=Perf|Gender=Masc|Mood=Ind|Number=Plur|Tense=Past|VerbForm=Fin|Voice=Act,1,0.0002538715410002539,1,0.0011806375442739079
47,ADJ: Aspect=Perf|Case=Loc|Gender=Neut|Number=Plur|Polarity=Pos|VerbForm=Part|Voice=Pass,1,0.0002538715410002539,1,0.0011806375442739079
49,ADJ: Aspect=Perf|Case=Nom|Gender=Masc|Number=Plur|Polarity=Pos|VerbForm=Part|Voice=Pass,1,0.0002538715410002539,1,0.0011806375442739079
502,VERB: Aspect=Imp|Mood=Ind|Number=Plur|Tense=Pres|VerbForm=Fin|Voice=Act,1,0.0002538715410002539,1,0.0011806375442739079
26,ADJ: Animacy=Inan|Case=Acc|Degree=Cmp|Gender=Masc|Number=Plur,1,0.0002538715410002539,1,0.0011806375442739079
50,ADJ: Aspect=Perf|Case=Nom|Gender=Neut|Number=Plur|Polarity=Pos|VerbForm=Part|Voice=Pass,1,0.0002538715410002539,1,0.0011806375442739079
460,PROPN: Animacy=Hum|Case=Voc|Gender=Masc|Number=Sing,1,0.0002538715410002539,1,0.0011806375442739079
72,ADJ: Case=Nom|Degree=Cmp|Gender=Fem|Number=Sing,1,0.0002538715410002539,1,0.0011806375442739079
499,VERB: Aspect=Imp|Mood=Ind|Number=Plur|Person=1|VerbForm=Fin|Voice=Act,1,0.0002538715410002539,1,0.0011806375442739079
22,ADJ: Animacy=Inan|Aspect=Perf|Case=Nom|Degree=Pos|Gender=Masc|Number=Plur|Polarity=Pos|VerbForm=Part|Voice=Pass,1,0.0002538715410002539,1,0.0011806375442739079
58,ADJ: Case=Gen|Degree=Cmp|Gender=Fem|Number=Sing,1,0.0002538715410002539,1,0.0011806375442739079
21,ADJ: Animacy=Inan|Aspect=Perf|Case=Gen|Gender=Masc|Number=Sing|Polarity=Pos|VerbForm=Part|Voice=Pass,1,0.0002538715410002539,1,0.0011806375442739079
61,ADJ: Case=Gen|Degree=Pos|Gender=Masc|Number=Sing,1,0.0002538715410002539,1,0.0011806375442739079
62,ADJ: Case=Gen|Degree=Pos|Gender=Neut|Number=Plur,1,0.0002538715410002539,1,0.0011806375442739079
20,ADJ: Animacy=Inan|Aspect=Perf|Case=Gen|Gender=Masc|Number=Plur|Polarity=Pos|VerbForm=Part|Voice=Pass,1,0.0002538715410002539,1,0.0011806375442739079
19,ADJ: Animacy=Inan|Aspect=Perf|Case=Acc|Gender=Masc|Number=Sing|Polarity=Pos|VerbForm=Part|Voice=Pass,1,0.0002538715410002539,1,0.0011806375442739079
18,ADJ: Animacy=Inan|Aspect=Perf|Case=Acc|Gender=Masc|Number=Plur|Polarity=Pos|VerbForm=Part|Voice=Pass,1,0.0002538715410002539,1,0.0011806375442739079
17,ADJ: Animacy=Inan|Aspect=Imp|Case=Nom|Gender=Masc|Number=Sing|Polarity=Pos|VerbForm=Part|Voice=Act,1,0.0002538715410002539,1,0.0011806375442739079
492,VERB: Aspect=Imp|Gender=Masc|Mood=Ind|Number=Plur|Tense=Past|VerbForm=Fin|Voice=Act,1,0.0002538715410002539,1,0.0011806375442739079
491,VERB: Aspect=Imp|Gender=Fem|Mood=Ind|Number=Sing|Tense=Pres|VerbForm=Fin|Voice=Act,1,0.0002538715410002539,1,0.0011806375442739079
67,ADJ: Case=Loc|Degree=Cmp|Gender=Neut|Number=Sing,1,0.0002538715410002539,1,0.0011806375442739079
38,ADJ: Animacy=Nhum|Case=Ins|Degree=Pos|Gender=Masc|Number=Sing,1,0.0002538715410002539,1,0.0011806375442739079
461,PROPN: Animacy=Inan|Case=Gen|Gender=Masc|Number=Sing,1,0.0002538715410002539,1,0.0011806375442739079
152,DET: Animacy=Inan|Case=Acc|Gender=Masc|Number=Sing|Number[psor]=Plur|Person=1|Poss=Yes|PronType=Prs,1,0.0002538715410002539,1,0.0011806375442739079
133,DET: Animacy=Hum|Case=Gen|Gender=Masc|Number=Sing|Number[psor]=Sing|Person=1|Poss=Yes|PronType=Prs,1,0.0002538715410002539,1,0.0011806375442739079
215,DET: Case=Gen|Gender=Fem|Number=Sing|Poss=Yes|PronType=Prs|Reflex=Yes,1,0.0002538715410002539,1,0.0011806375442739079
381,PRON: Animacy=Hum|Case=Dat|Gender=Masc|Number=Sing|Person=3|PrepCase=Npr|PronType=Prs|Variant=Long,1,0.0002538715410002539,1,0.0011806375442739079
244,DET: Case=Nom|Gender=Masc|Number=Plur|PronType=Tot,1,0.0002538715410002539,1,0.0011806375442739079
383,PRON: Animacy=Hum|Case=Dat|Gender=Masc|Number=Sing|Person=3|PronType=Prs|Variant=Short,1,0.0002538715410002539,1,0.0011806375442739079
384,PRON: Animacy=Hum|Case=Dat|Gender=Masc|Number=Sing|PronType=Ind,1,0.0002538715410002539,1,0.0011806375442739079
240,DET: Case=Nom|Gender=Fem|Number=Plur|PronType=Rel,1,0.0002538715410002539,1,0.0011806375442739079
386,PRON: Animacy=Hum|Case=Gen|Gender=Masc|Number=Plur|Person=2|PronType=Prs,1,0.0002538715410002539,1,0.0011806375442739079
387,PRON: Animacy=Hum|Case=Gen|Gender=Masc|Number=Plur|Person=3|PrepCase=Npr|PronType=Prs|Variant=Long,1,0.0002538715410002539,1,0.0011806375442739079
235,DET: Case=Loc|Gender=Neut|Number=Sing|Poss=Yes|PronType=Prs|Reflex=Yes,1,0.0002538715410002539,1,0.0011806375442739079
232,DET: Case=Loc|Gender=Fem|Number=Sing|PronType=Ind,1,0.0002538715410002539,1,0.0011806375442739079
230,DET: Case=Loc|Gender=Fem|Number=Sing|Number[psor]=Sing|Person=1|Poss=Yes|PronType=Prs,1,0.0002538715410002539,1,0.0011806375442739079
229,DET: Case=Ins|Gender=Neut|Number=Sing|PronType=Int,1,0.0002538715410002539,1,0.0011806375442739079
228,DET: Case=Ins|Gender=Neut|Number=Sing|Poss=Yes|PronType=Prs|Reflex=Yes,1,0.0002538715410002539,1,0.0011806375442739079
227,DET: Case=Ins|Gender=Masc|Number=Sing|Number[psor]=Sing|Person=1|Poss=Yes|PronType=Prs,1,0.0002538715410002539,1,0.0011806375442739079
224,DET: Case=Ins|Gender=Fem|Number=Plur|Number[psor]=Plur|Person=1|Poss=Yes|PronType=Prs,1,0.0002538715410002539,1,0.0011806375442739079
397,PRON: Animacy=Hum|Case=Ins|Gender=Masc|Number=Plur|Person=3|PrepCase=Pre|PronType=Prs|Variant=Long,1,0.0002538715410002539,1,0.0011806375442739079
222,DET: Case=Gen|Gender=Neut|Number=Sing|Number[psor]=Sing|Person=1|Poss=Yes|PronType=Prs,1,0.0002538715410002539,1,0.0011806375442739079
221,DET: Case=Gen|Gender=Neut|Number=Plur|PronType=Ind,1,0.0002538715410002539,1,0.0011806375442739079
248,DET: Case=Nom|Gender=Neut|Number=Plur|PronType=Tot,1,0.0002538715410002539,1,0.0011806375442739079
251,DET: Case=Nom|Gender=Neut|Number=Sing|PronType=Int,1,0.0002538715410002539,1,0.0011806375442739079
378,PRON: Animacy=Hum|Case=Dat|Gender=Masc|Number=Plur|Person=3|PrepCase=Npr|PronType=Prs|Variant=Long,1,0.0002538715410002539,1,0.0011806375442739079
365,PRON: Animacy=Hum|Case=Acc|Gender=Masc|Number=Plur|Person=3|PrepCase=Npr|PronType=Prs|Variant=Long,1,0.0002538715410002539,1,0.0011806375442739079
353,NUM: Case=Acc|Gender=Fem|NumForm=Digit|NumType=Card|Number=Plur,1,0.0002538715410002539,1,0.0011806375442739079
328,NOUN: Case=Ins|Gender=Neut|Number=Ptan,1,0.0002538715410002539,1,0.0011806375442739079
356,NUM: Case=Acc|Gender=Neut|NumForm=Word|Number=Plur,1,0.0002538715410002539,1,0.0011806375442739079
357,NUM: Case=Acc|Gender=Neut|NumForm=Word|Number=Sing,1,0.0002538715410002539,1,0.0011806375442739079
358,NUM: Case=Gen|Gender=Masc|NumForm=Word|Number=Plur,1,0.0002538715410002539,1,0.0011806375442739079
309,NOUN: Case=Dat|Gender=Masc|Number=Sing,1,0.0002538715410002539,1,0.0011806375442739079
303,NOUN: Case=Acc|Gender=Neut|NumType=Sets|Number=Sing,1,0.0002538715410002539,1,0.0011806375442739079
366,PRON: Animacy=Hum|Case=Acc|Gender=Masc|Number=Ptan|PronType=Tot,1,0.0002538715410002539,1,0.0011806375442739079
258,NOUN: Animacy=Hum|Case=Ins|Gender=Fem|Number=Sing,1,0.0002538715410002539,1,0.0011806375442739079
292,NOUN: Aspect=Imp|Case=Gen|Gender=Neut|Number=Plur|Polarity=Pos|VerbForm=Vnoun,1,0.0002538715410002539,1,0.0011806375442739079
289,NOUN: Aspect=Imp|Case=Acc|Gender=Neut|Number=Sing,1,0.0002538715410002539,1,0.0011806375442739079
369,PRON: Animacy=Hum|Case=Acc|Gender=Masc|Number=Sing|Person=2|PronType=Int,1,0.0002538715410002539,1,0.0011806375442739079
265,NOUN: Animacy=Hum|Case=Voc|Gender=Masc|Number=Plur,1,0.0002538715410002539,1,0.0011806375442739079
262,NOUN: Animacy=Hum|Case=Nom|Gender=Fem|Number=Sing,1,0.0002538715410002539,1,0.0011806375442739079
374,PRON: Animacy=Hum|Case=Acc|Gender=Masc|Number=Sing|PronType=Ind,1,0.0002538715410002539,1,0.0011806375442739079
375,PRON: Animacy=Hum|Case=Acc|Gender=Masc|Number=Sing|PronType=Neg,1,0.0002538715410002539,1,0.0011806375442739079
220,DET: Case=Gen|Gender=Neut|Number=Plur|Number[psor]=Plur|Person=1|Poss=Yes|PronType=Prs,1,0.0002538715410002539,1,0.0011806375442739079
211,DET: Case=Gen|Gender=Fem|Number=Plur|Number[psor]=Plur|Person=1|Poss=Yes|PronType=Prs,1,0.0002538715410002539,1,0.0011806375442739079
137,DET: Animacy=Hum|Case=Ins|Gender=Masc|Number=Sing|PronType=Ind,1,0.0002538715410002539,1,0.0011806375442739079
210,DET: Case=Acc|Gender=Neut|Number=Sing|PronType=Rel,1,0.0002538715410002539,1,0.0011806375442739079
434,PRON: Case=Gen|Gender=Neut|Number=Sing|PronType=Int,1,0.0002538715410002539,1,0.0011806375442739079
436,PRON: Case=Gen|Gender=Neut|Number=Sing|PronType=Rel,1,0.0002538715410002539,1,0.0011806375442739079
437,PRON: Case=Gen|PronType=Prs|Reflex=Yes,1,0.0002538715410002539,1,0.0011806375442739079
441,PRON: Case=Ins|PronType=Prs|Reflex=Yes,1,0.0002538715410002539,1,0.0011806375442739079
161,DET: Animacy=Inan|Case=Gen|Gender=Masc|Number=Plur|Number[psor]=Plur|Person=1|Poss=Yes|PronType=Prs,1,0.0002538715410002539,1,0.0011806375442739079
160,DET: Animacy=Inan|Case=Gen|Gender=Masc|NumType=Card|Number=Plur|PronType=Ind,1,0.0002538715410002539,1,0.0011806375442739079
159,DET: Animacy=Inan|Case=Dat|Gender=Masc|Number=Sing|PronType=Dem,1,0.0002538715410002539,1,0.0011806375442739079
334,NOUN: Case=Loc|Gender=Neut|NumType=Sets|Number=Plur,1,0.0002538715410002539,1,0.0011806375442739079
150,DET: Animacy=Inan|Case=Acc|Gender=Masc|Number=Plur|Poss=Yes|PronType=Prs|Reflex=Yes,1,0.0002538715410002539,1,0.0011806375442739079
448,PRON: Case=Nom|Gender=Masc|Number=Plur|Person=3|PrepCase=Npr|PronType=Prs|Variant=Long,1,0.0002538715410002539,1,0.0011806375442739079
149,DET: Animacy=Inan|Case=Acc|Gender=Masc|Number=Plur|Number[psor]=Sing|Person=1|Poss=Yes|PronType=Prs,1,0.0002538715410002539,1,0.0011806375442739079
146,DET: Animacy=Inan|Case=Acc|Gender=Masc|NumType=Card|Number=Plur|PronType=Dem,1,0.0002538715410002539,1,0.0011806375442739079
145,DET: Animacy=Hum|Case=Nom|Gender=Masc|Number=Sing|PronType=Tot,1,0.0002538715410002539,1,0.0011806375442739079
143,DET: Animacy=Hum|Case=Nom|Gender=Masc|Number=Sing|PronType=Ind,1,0.0002538715410002539,1,0.0011806375442739079
454,PRON: Case=Nom|Gender=Neut|Number=Sing|PronType=Rel,1,0.0002538715410002539,1,0.0011806375442739079
141,DET: Animacy=Hum|Case=Nom|Gender=Masc|Number=Sing|Number[psor]=Sing|Person=2|Poss=Yes|PronType=Prs,1,0.0002538715410002539,1,0.0011806375442739079
457,PROPN: Animacy=Hum|Case=Acc|Gender=Masc|Number=Sing,1,0.0002538715410002539,1,0.0011806375442739079
433,PRON: Case=Gen|Gender=Neut|Number=Sing|PronType=Ind,1,0.0002538715410002539,1,0.0011806375442739079
169,DET: Animacy=Inan|Case=Loc|Gender=Masc|Number=Plur|PronType=Dem,1,0.0002538715410002539,1,0.0011806375442739079
431,PRON: Case=Gen|Gender=Fem|Number=Sing|Person=3|PrepCase=Pre|PronType=Prs|Variant=Long,1,0.0002538715410002539,1,0.0011806375442739079
419,PRON: Case=Acc|Gender=Neut|Number=Plur|Person=3|PrepCase=Npr|PronType=Prs|Variant=Long,1,0.0002538715410002539,1,0.0011806375442739079
208,DET: Case=Acc|Gender=Neut|Number=Sing|Poss=Yes|PronType=Prs|Reflex=Yes,1,0.0002538715410002539,1,0.0011806375442739079
408,PRON: Animacy=Hum|Case=Nom|Gender=Masc|Number=Sing|Person=2|PronType=Prs|Variant=Long,1,0.0002538715410002539,1,0.0011806375442739079
205,DET: Case=Acc|Gender=Neut|Number=Plur|PronType=Rel,1,0.0002538715410002539,1,0.0011806375442739079
202,DET: Case=Acc|Gender=Neut|Number=Plur|Number[psor]=Plur|Person=1|Poss=Yes|PronType=Prs,1,0.0002538715410002539,1,0.0011806375442739079
193,DET: Case=Acc|Gender=Fem|Number=Plur|PronType=Rel,1,0.0002538715410002539,1,0.0011806375442739079
189,DET: Animacy=Nhum|Case=Nom|Gender=Masc|Number=Sing|PronType=Ind,1,0.0002538715410002539,1,0.0011806375442739079
418,PRON: Case=Acc|Gender=Masc|Number=Sing|Person=1|PronType=Prs,1,0.0002538715410002539,1,0.0011806375442739079
187,DET: Animacy=Nhum|Case=Nom|Gender=Masc|Number=Sing|Number[psor]=Sing|Person=1|Poss=Yes|PronType=Prs,1,0.0002538715410002539,1,0.0011806375442739079
173,DET: Animacy=Inan|Case=Loc|Gender=Masc|Number=Sing|PronType=Rel,1,0.0002538715410002539,1,0.0011806375442739079
186,DET: Animacy=Nhum|Case=Nom|Gender=Masc|Number=Plur|PronType=Dem,1,0.0002538715410002539,1,0.0011806375442739079
183,DET: Animacy=Inan|Case=Nom|Gender=Masc|Number=Sing|PronType=Ind,1,0.0002538715410002539,1,0.0011806375442739079
179,DET: Animacy=Inan|Case=Nom|Gender=Masc|Number=Plur|PronType=Tot,1,0.0002538715410002539,1,0.0011806375442739079
425,PRON: Case=Acc|Number=Sing|PronType=Prs,1,0.0002538715410002539,1,0.0011806375442739079
178,DET: Animacy=Inan|Case=Nom|Gender=Masc|Number=Plur|PronType=Rel,1,0.0002538715410002539,1,0.0011806375442739079
177,DET: Animacy=Inan|Case=Nom|Gender=Masc|Number=Plur|PronType=Int,1,0.0002538715410002539,1,0.0011806375442739079
174,DET: Animacy=Inan|Case=Nom|Gender=Masc|NumType=Card|Number=Plur|PronType=Ind,1,0.0002538715410002539,1,0.0011806375442739079
0,ADJ: Animacy=Hum|Aspect=Imp|Case=Acc|Gender=Masc|Number=Sing|Polarity=Pos|VerbForm=Part|Voice=Pass,1,0.0002538715410002539,1,0.0011806375442739079
