,tag,przyklad,liczba_unikatowych_slow,liczba_wystapien,czestosc_wystapien,liczba_dzieci,czestosc_dzieci
85,ADP: AdpType=Prep,"do, na, po",19,2236,0.5676567656765676,646,0.7626918536009445
503,VERB: Aspect=Imp|Mood=Ind|Number=Sing|Person=1|Tense=Pres|VerbForm=Fin|Voice=Act,"chcę, idę, mogę",140,1802,0.4574765168824575,589,0.6953955135773318
339,NOUN: Case=Nom|Gender=Fem|Number=Sing,"mama, babcia, pani",353,1754,0.4452906829144453,621,0.7331759149940968
507,VERB: Aspect=Imp|Mood=Ind|Number=Sing|Person=3|Tense=Pres|VerbForm=Fin|Voice=Act,"chce, jest, ma",234,1555,0.39477024625539475,578,0.6824085005903188
514,VERB: Aspect=Imp|VerbForm=Inf|Voice=Act,"iść, spać, pić",144,1190,0.30210713379030213,534,0.6304604486422668
362,PART: Polarity=Neg,"nie, teś, totoś",7,1013,0.25717187103325717,472,0.5572609208972845
522,VERB: Aspect=Perf|Mood=Imp|Number=Sing|Person=2|VerbForm=Fin|Voice=Act,"daj, włącz, zrób",109,1004,0.2548870271642549,491,0.5796930342384888
264,NOUN: Animacy=Hum|Case=Nom|Gender=Masc|Number=Sing,"tata, tatuś, tato",178,996,0.25285605483625284,473,0.5584415584415584
299,NOUN: Case=Acc|Gender=Fem|Number=Sing,"bajkę, kanapkę, książeczkę",343,958,0.24320893627824322,453,0.5348288075560803
379,PRON: Animacy=Hum|Case=Dat|Gender=Masc|Number=Sing|Person=1|PronType=Prs|Variant=Short,mi,1,935,0.23736989083523738,443,0.5230224321133412
87,ADP: AdpType=Prep|Variant=Short,"z, w, od",8,914,0.23203858847423203,428,0.5053128689492326
268,NOUN: Animacy=Inan|Case=Acc|Gender=Masc|Number=Sing,"spacer, plac, dwór",268,860,0.21832952526021834,443,0.5230224321133412
313,NOUN: Case=Gen|Gender=Fem|Number=Sing,"babci, pracy, szkoły",185,758,0.19243462807819242,412,0.48642266824085006
456,PRON: PronType=Prs|Reflex=Yes,"się, sie, juz",4,679,0.17237877633917237,376,0.44391971664698937
406,PRON: Animacy=Hum|Case=Nom|Gender=Masc|Number=Sing|Person=1|PronType=Prs,"ja, wuf",2,637,0.1617161716171617,285,0.3364817001180638
497,VERB: Aspect=Imp|Mood=Imp|Number=Sing|Person=2|VerbForm=Fin|Voice=Act,"chodź, mamo, mamusiu",90,551,0.13988321909113988,338,0.3990554899645809
498,VERB: Aspect=Imp|Mood=Ind|Number=Plur|Person=1|Tense=Pres|VerbForm=Fin|Voice=Act,"idziemy, jedziemy, musimy",49,546,0.13861386138613863,309,0.36481700118063753
534,VERB: Aspect=Perf|VerbForm=Inf|Voice=Act,"zrobić, pobawić, kupić",148,491,0.12465092663112465,284,0.33530106257378983
271,NOUN: Animacy=Inan|Case=Gen|Gender=Masc|Number=Sing,"sklepu, domu, maja",152,426,0.10814927646610815,294,0.34710743801652894
94,ADV: PronType=Dem,"tu, tam, tutaj",6,409,0.10383346026910384,233,0.27508854781582054
523,VERB: Aspect=Perf|Mood=Ind|Number=Plur|Person=1|Tense=Fut|VerbForm=Fin|Voice=Act,"pójdziemy, pojedziemy, pobawimy",64,387,0.09824828636709824,214,0.2526564344746163
277,NOUN: Animacy=Inan|Case=Nom|Gender=Masc|Number=Sing,"brzuszek, siku, deszcz",176,364,0.0924092409240924,240,0.2833530106257379
89,ADV: Degree=Pos,"bardzo, szybko, fajnie",70,351,0.0891089108910891,220,0.2597402597402597
306,NOUN: Case=Acc|Gender=Neut|Number=Sing,"mleko, siusiu, światło",94,345,0.08758568164508758,252,0.2975206611570248
96,ADV: PronType=Int,"gdzie, kiedy, dlaczego",6,342,0.08682406702208682,235,0.27744982290436837
348,NOUN: Case=Voc|Gender=Masc|Number=Sing,"mamo, mamusiu, mamuś",13,333,0.08453922315308454,221,0.26092089728453366
75,ADJ: Case=Nom|Degree=Pos|Gender=Fem|Number=Sing,"głodna, duża, sama",88,327,0.08301599390708302,206,0.24321133412042503
504,VERB: Aspect=Imp|Mood=Ind|Number=Sing|Person=2|Tense=Pres|VerbForm=Fin|Voice=Act,"masz, idziesz, możesz",69,309,0.07844630616907845,203,0.2396694214876033
122,AUX: Aspect=Imp|Mood=Ind|Number=Sing|Person=3|Tense=Pres|VerbForm=Fin|Voice=Act,jest,1,305,0.07743082000507744,200,0.2361275088547816
528,VERB: Aspect=Perf|Mood=Ind|Number=Sing|Person=3|Tense=Fut|VerbForm=Fin|Voice=Act,"przyjdzie, przyjedzie, da",68,305,0.07743082000507744,202,0.2384887839433294
525,VERB: Aspect=Perf|Mood=Ind|Number=Sing|Person=1|Tense=Fut|VerbForm=Fin|Voice=Act,"pójdę, poproszę, zjem",79,302,0.07666920538207667,199,0.23494687131050768
298,NOUN: Case=Acc|Gender=Fem|Number=Plur,"bajki, zabawki, rączki",136,282,0.0715917745620716,199,0.23494687131050768
476,PUNCT: PunctType=Peri,"xxx, odź, siu",211,274,0.06956080223406956,191,0.2255017709563164
275,NOUN: Animacy=Inan|Case=Loc|Gender=Masc|Number=Sing,"domu, sklepie, komputerze",96,267,0.06778370144706779,197,0.23258559622195984
320,NOUN: Case=Gen|Gender=Neut|Number=Sing,"przedszkola, mleka, jedzenia",68,261,0.06626047220106626,192,0.22668240850059032
267,NOUN: Animacy=Inan|Case=Acc|Gender=Masc|Number=Plur,"klocki, buty, puzzle",100,253,0.06422949987306423,182,0.21487603305785125
117,AUX: Aspect=Imp|Mood=Ind|Number=Sing|Person=1|Tense=Pres|VerbForm=Fin|Voice=Act,"jestem, jetem",2,244,0.061944656004061946,176,0.2077922077922078
266,NOUN: Animacy=Hum|Case=Voc|Gender=Masc|Number=Sing,"tato, mamusiu, tatusiu",34,238,0.06042142675806042,148,0.17473435655253838
12,ADJ: Animacy=Hum|Case=Nom|Degree=Pos|Gender=Masc|Number=Sing,"głodny, duży, sam",52,232,0.0588981975120589,139,0.1641086186540732
126,AUX: Mood=Ind|Tense=Pres|VerbForm=Fin|VerbType=Quasi,to,1,222,0.05635948210205636,147,0.17355371900826447
288,NOUN: Animacy=Nhum|Case=Nom|Gender=Masc|Number=Sing,"kotek, piesek, miś",58,210,0.053313023610053314,138,0.16292798110979928
484,VERB: Animacy=Hum|Aspect=Perf|Gender=Masc|Mood=Ind|Number=Sing|Tense=Past|VerbForm=Fin|Voice=Act,"pojechał, poszedł, zabrał",73,209,0.05305915206905306,157,0.18536009445100354
273,NOUN: Animacy=Inan|Case=Ins|Gender=Masc|Number=Sing,"samochodem, razem, autobusem",103,198,0.05026656511805026,142,0.16765053128689492
516,VERB: Aspect=Perf|Gender=Fem|Mood=Ind|Number=Sing|Tense=Past|VerbForm=Fin|Voice=Act,"poszła, powiedziała, pojechała",70,193,0.048997207413049,134,0.15820543093270367
526,VERB: Aspect=Perf|Mood=Ind|Number=Sing|Person=2|Tense=Fut|VerbForm=Fin|Voice=Act,"kupisz, dasz, zrobisz",58,192,0.048743335872048744,131,0.15466351829988192
420,PRON: Case=Acc|Gender=Neut|Number=Sing|PronType=Dem,"to, tamto",2,186,0.04722010662604722,134,0.15820543093270367
115,AUX: Aspect=Imp|Mood=Ind|Number=Sing|Person=1|Tense=Fut|VerbForm=Fin,"będę, będe",2,180,0.0456968773800457,122,0.14403778040141677
257,NOUN: Animacy=Hum|Case=Gen|Gender=Masc|Number=Sing,"taty, dziadka, lekarza",70,175,0.04442751967504443,136,0.16056670602125148
368,PRON: Animacy=Hum|Case=Acc|Gender=Masc|Number=Sing|Person=1|PronType=Prs|Variant=Long,"mnie, cie",2,169,0.0429042904290429,122,0.14403778040141677
322,NOUN: Case=Ins|Gender=Fem|Number=Sing,"babcią, mamą, ciocią",90,166,0.04214267580604214,126,0.1487603305785124
482,VERB: Animacy=Hum|Aspect=Imp|Gender=Masc|Mood=Ind|Number=Sing|Tense=Past|VerbForm=Fin|Voice=Act,"bawił, płakał, miał",74,162,0.04112718964204113,106,0.12514757969303425
346,NOUN: Case=Nom|Gender=Neut|Number=Sing,"zimno, auto, mleko",61,157,0.03985783193703986,118,0.13931523022432113
331,NOUN: Case=Loc|Gender=Fem|Number=Sing,"pracy, szkole, kuchni",73,154,0.039096217314039096,122,0.14403778040141677
280,NOUN: Animacy=Nhum|Case=Acc|Gender=Masc|Number=Sing,"lizaka, kotka, misia",45,150,0.03808073115003808,115,0.1357733175914994
312,NOUN: Case=Gen|Gender=Fem|Number=Plur,"zabaw, mamy, zabawek",47,140,0.03554201574003554,116,0.13695395513577333
360,PART: PartType=Int,czy,1,123,0.031226199543031227,78,0.09208972845336481
337,NOUN: Case=Loc|Gender=Neut|Number=Sing,"przedszkolu, łóżku, polu",25,122,0.030972328002030973,96,0.11334120425029516
34,ADJ: Animacy=Inan|Case=Nom|Degree=Pos|Gender=Masc|Number=Sing,"mały, duży, czerwony",55,121,0.03071845646103072,86,0.10153482880755609
422,PRON: Case=Acc|Gender=Neut|Number=Sing|PronType=Int,"co, coć",2,119,0.03021071337903021,89,0.1050767414403778
407,PRON: Animacy=Hum|Case=Nom|Gender=Masc|Number=Sing|Person=2|PronType=Prs,"ty, mamo, cie",3,117,0.0297029702970297,89,0.1050767414403778
347,NOUN: Case=Voc|Gender=Fem|Number=Sing,"babciu, mamo, mamuś",11,117,0.0297029702970297,93,0.10979929161747344
260,NOUN: Animacy=Hum|Case=Ins|Gender=Masc|Number=Sing,"tatą, dziadkiem, tatusiem",41,111,0.02817974105102818,85,0.10035419126328217
86,ADP: AdpType=Prep|Variant=Long,"ze, we, ode",3,111,0.02817974105102818,93,0.10979929161747344
490,VERB: Aspect=Imp|Gender=Fem|Mood=Ind|Number=Sing|Tense=Past|VerbForm=Fin|Voice=Act,"miała, jadła, bawiła",56,110,0.027925869510027925,88,0.1038961038961039
92,ADV: Degree=Pos|PronType=Int,jak,1,105,0.026656511805026657,74,0.08736717827626919
372,PRON: Animacy=Hum|Case=Acc|Gender=Masc|Number=Sing|Person=2|PronType=Prs|Variant=Short,cię,1,101,0.02564102564102564,87,0.10271546635182999
501,VERB: Aspect=Imp|Mood=Ind|Number=Plur|Person=3|Tense=Pres|VerbForm=Fin|Voice=Act,"są, bolą, bawią",52,98,0.02487941101802488,82,0.09681227863046045
469,PROPN: Case=Nom|Gender=Fem|Number=Sing,"ola, ania, zosia",43,97,0.024625539477024627,68,0.08028335301062574
398,PRON: Animacy=Hum|Case=Ins|Gender=Masc|Number=Sing|Person=1|PronType=Prs,"mną, wami, mna",3,93,0.02361005331302361,77,0.09090909090909091
53,ADJ: Case=Acc|Degree=Pos|Gender=Fem|Number=Sing,"jedną, ładną, nową",45,91,0.0231023102310231,74,0.08736717827626919
459,PROPN: Animacy=Hum|Case=Nom|Gender=Masc|Number=Sing,"olo, błażej, oskar",59,90,0.02284843869002285,66,0.07792207792207792
254,NOUN: Animacy=Hum|Case=Acc|Gender=Masc|Number=Sing,"tatę, michała, dziadka",60,90,0.02284843869002285,75,0.0885478158205431
341,NOUN: Case=Nom|Gender=Masc|Number=Sing,"bum, brum, ala",61,87,0.022086824067022087,64,0.0755608028335301
28,ADJ: Animacy=Inan|Case=Acc|Degree=Pos|Gender=Masc|Number=Sing,"duży, cały, sam",49,87,0.022086824067022087,72,0.08500590318772137
305,NOUN: Case=Acc|Gender=Neut|Number=Ptan,"zakupy, urodziny, spodnie",16,84,0.021325209444021324,68,0.08028335301062574
479,SCONJ: ConjType=Cmpr,jak,1,83,0.02107133790302107,66,0.07792207792207792
389,PRON: Animacy=Hum|Case=Gen|Gender=Masc|Number=Sing|Person=1|PronType=Prs|Variant=Long,"mnie, cie",2,79,0.020055851739020056,69,0.08146399055489964
301,NOUN: Case=Acc|Gender=Masc|Number=Sing,"polko, buzi, tate",52,78,0.019801980198019802,67,0.07910271546635184
90,ADV: Degree=Pos|PronType=Dem,tak,1,76,0.019294237116019294,54,0.06375442739079103
111,AUX: Aspect=Imp|Mood=Ind|Number=Plur|Person=1|Tense=Fut|VerbForm=Fin,"będziemy, bedziemy",2,75,0.01904036557501904,60,0.07083825265643448
241,DET: Case=Nom|Gender=Fem|Number=Sing|Number[psor]=Sing|Person=1|Poss=Yes|PronType=Prs,"moja, twoja, nasza",3,75,0.01904036557501904,67,0.07910271546635184
450,PRON: Case=Nom|Gender=Neut|Number=Sing|PronType=Dem,"to, tamto",2,73,0.018532622493018534,65,0.07674144037780402
276,NOUN: Animacy=Inan|Case=Nom|Gender=Masc|Number=Plur,"klocki, buty, lody",48,73,0.018532622493018534,58,0.06847697756788666
380,PRON: Animacy=Hum|Case=Dat|Gender=Masc|Number=Sing|Person=2|PronType=Prs|Variant=Short,ci,1,72,0.01827875095201828,60,0.07083825265643448
121,AUX: Aspect=Imp|Mood=Ind|Number=Sing|Person=3|Tense=Fut|VerbForm=Fin,"będzie, bedzie",2,71,0.018024879411018026,52,0.06139315230224321
270,NOUN: Animacy=Inan|Case=Gen|Gender=Masc|Number=Plur,"lat, klocków, chipsów",29,66,0.016755521706016754,48,0.05667060212514758
140,DET: Animacy=Hum|Case=Nom|Gender=Masc|Number=Sing|Number[psor]=Sing|Person=1|Poss=Yes|PronType=Prs,"mój, nasz, twój",3,65,0.0165016501650165,57,0.06729634002361275
539,X: Foreign=Yes,"am, ojo, dim",21,63,0.015993907083015995,27,0.031877213695395513
421,PRON: Case=Acc|Gender=Neut|Number=Sing|PronType=Ind,coś,1,61,0.015486164001015486,48,0.05667060212514758
535,VERB: Mood=Ind|Tense=Pres|VerbForm=Fin|VerbType=Quasi,"trzeba, wolno, można",7,53,0.013455191673013456,43,0.05076741440377804
114,AUX: Aspect=Imp|Mood=Ind|Number=Plur|Person=3|Tense=Pres|VerbForm=Fin|Voice=Act,są,1,52,0.013201320132013201,41,0.048406139315230225
452,PRON: Case=Nom|Gender=Neut|Number=Sing|PronType=Int,co,1,51,0.012947448591012947,46,0.05430932703659976
432,PRON: Case=Gen|Gender=Neut|Number=Sing|PronType=Dem,"tego, tamtego, tąd",3,51,0.012947448591012947,45,0.053128689492325853
338,NOUN: Case=Nom|Gender=Fem|Number=Plur,"zabawki, nogi, dziewczynki",39,51,0.012947448591012947,48,0.05667060212514758
409,PRON: Animacy=Hum|Case=Nom|Gender=Masc|Number=Sing|Person=3|PrepCase=Npr|PronType=Prs|Variant=Long,on,1,49,0.01243970550901244,36,0.04250295159386069
242,DET: Case=Nom|Gender=Fem|Number=Sing|PronType=Dem,"ta, taka",2,45,0.011424219345011425,35,0.04132231404958678
120,AUX: Aspect=Imp|Mood=Ind|Number=Sing|Person=2|Tense=Pres|VerbForm=Fin|Voice=Act,jesteś,1,43,0.010916476263010916,36,0.04250295159386069
197,DET: Case=Acc|Gender=Fem|Number=Sing|PronType=Dem,"tą, taką, tę",3,42,0.010662604722010662,36,0.04250295159386069
429,PRON: Case=Dat|PronType=Prs|Reflex=Yes,sobie,1,42,0.010662604722010662,36,0.04250295159386069
494,VERB: Aspect=Imp|Gender=Neut|Mood=Ind|Number=Sing|Tense=Past|VerbForm=Fin|Voice=Act,"było, bolało, chciało",13,42,0.010662604722010662,33,0.03896103896103896
282,NOUN: Animacy=Nhum|Case=Gen|Gender=Masc|Number=Sing,"kotka, pieska, laptopa",28,38,0.009647118558009647,36,0.04250295159386069
155,DET: Animacy=Inan|Case=Acc|Gender=Masc|Number=Sing|PronType=Dem,"ten, taki, tego",3,37,0.009393247017009393,32,0.03778040141676505
315,NOUN: Case=Gen|Gender=Masc|Number=Sing,"paci, dutki, mamuś",32,37,0.009393247017009393,34,0.04014167650531287
182,DET: Animacy=Inan|Case=Nom|Gender=Masc|Number=Sing|PronType=Dem,"ten, taki",2,36,0.00913937547600914,27,0.031877213695395513
291,NOUN: Aspect=Imp|Case=Dat|Gender=Neut|Number=Sing|Polarity=Pos|VerbForm=Vnoun,piciu,1,36,0.00913937547600914,35,0.04132231404958678
329,NOUN: Case=Ins|Gender=Neut|Number=Sing,"autem, masłem, mlekiem",13,36,0.00913937547600914,32,0.03778040141676505
361,PART: PartType=Mod,może,1,35,0.008885503935008886,24,0.02833530106257379
40,ADJ: Animacy=Nhum|Case=Nom|Degree=Pos|Gender=Masc|Number=Sing,"drugi, mały, ładny",18,35,0.008885503935008886,23,0.02715466351829988
181,DET: Animacy=Inan|Case=Nom|Gender=Masc|Number=Sing|Number[psor]=Sing|Person=1|Poss=Yes|PronType=Prs,"mój, nasz, twój",3,34,0.008631632394008631,32,0.03778040141676505
399,PRON: Animacy=Hum|Case=Ins|Gender=Masc|Number=Sing|Person=2|PronType=Prs,tobą,1,32,0.008123889312008125,28,0.03305785123966942
308,NOUN: Case=Dat|Gender=Fem|Number=Sing,"mamie, babci, mamusi",16,31,0.00787001777100787,28,0.03305785123966942
56,ADJ: Case=Acc|Degree=Pos|Gender=Neut|Number=Sing,"duże, czerwone, dobre",19,30,0.007616146230007616,29,0.03423848878394333
304,NOUN: Case=Acc|Gender=Neut|Number=Plur,"auta, oczka, badania",22,30,0.007616146230007616,28,0.03305785123966942
518,VERB: Aspect=Perf|Gender=Neut|Mood=Ind|Number=Sing|Tense=Past|VerbForm=Fin|Voice=Act,"stało, udało, wylało",15,30,0.007616146230007616,26,0.030696576151121605
321,NOUN: Case=Ins|Gender=Fem|Number=Plur,"lalkami, farbami, zabawkami",18,29,0.007362274689007363,26,0.030696576151121605
390,PRON: Animacy=Hum|Case=Gen|Gender=Masc|Number=Sing|Person=2|PronType=Prs|Variant=Long,ciebie,1,29,0.007362274689007363,25,0.0295159386068477
249,DET: Case=Nom|Gender=Neut|Number=Sing|Number[psor]=Sing|Person=1|Poss=Yes|PronType=Prs,"moje, twoje",2,29,0.007362274689007363,25,0.0295159386068477
79,ADJ: Case=Nom|Degree=Pos|Gender=Neut|Number=Sing,"niesamowite, pyszne, ładne",23,29,0.007362274689007363,26,0.030696576151121605
536,X: Abbr=Yes,"pa, w, ok",13,28,0.007108403148007108,25,0.0295159386068477
88,ADV: Degree=Cmp,"później, więcej, lepiej",10,27,0.006854531607006854,26,0.030696576151121605
505,VERB: Aspect=Imp|Mood=Ind|Number=Sing|Person=2|VerbForm=Fin|Voice=Act,"dziadziu, ce, anan",24,27,0.006854531607006854,21,0.024793388429752067
371,PRON: Animacy=Hum|Case=Acc|Gender=Masc|Number=Sing|Person=2|PronType=Prs|Variant=Long,"ciebie, cie",2,26,0.006600660066006601,22,0.025974025974025976
272,NOUN: Animacy=Inan|Case=Ins|Gender=Masc|Number=Plur,"klockami, samochodami, kulkami",10,25,0.0063467885250063465,23,0.02715466351829988
27,ADJ: Animacy=Inan|Case=Acc|Degree=Pos|Gender=Masc|Number=Plur,"ładne, nowe, małe",15,25,0.0063467885250063465,23,0.02715466351829988
411,PRON: Animacy=Hum|Case=Nom|Gender=Masc|Number=Sing|PronType=Int,kto,1,25,0.0063467885250063465,23,0.02715466351829988
316,NOUN: Case=Gen|Gender=Neut|NumType=Sets|Number=Plur,"dzieci, zwierząt, uszu",5,24,0.006092916984006093,18,0.021251475796930343
263,NOUN: Animacy=Hum|Case=Nom|Gender=Masc|Number=Plur,"chłopaki, rodzice, goście",11,24,0.006092916984006093,21,0.024793388429752067
108,AUX: Aspect=Imp|Gender=Fem|Mood=Ind|Number=Sing|Tense=Past|VerbForm=Fin|Voice=Act,była,1,24,0.006092916984006093,22,0.025974025974025976
373,PRON: Animacy=Hum|Case=Acc|Gender=Masc|Number=Sing|Person=3|PrepCase=Npr|PronType=Prs|Variant=Short,go,1,22,0.005585173902005585,21,0.024793388429752067
216,DET: Case=Gen|Gender=Fem|Number=Sing|PronType=Dem,"tej, takiej",2,21,0.005331302361005331,20,0.023612750885478158
63,ADJ: Case=Gen|Degree=Pos|Gender=Neut|Number=Sing,"innego, słodkiego, dobrego",13,21,0.005331302361005331,20,0.023612750885478158
350,NUM: Animacy=Inan|Case=Acc|Gender=Masc|NumForm=Word|Number=Plur,"sto, dwa, trzy",3,21,0.005331302361005331,15,0.01770956316410862
470,PROPN: Case=Nom|Gender=Masc|Number=Sing,"si, cio, opa",15,20,0.005077430820005078,14,0.01652892561983471
495,VERB: Aspect=Imp|Mood=Imp|Number=Plur|Person=1|VerbForm=Fin|Voice=Act,"chodźmy, choćmy, idźmy",6,20,0.005077430820005078,18,0.021251475796930343
430,PRON: Case=Gen|Gender=Fem|Number=Sing|Person=3|PrepCase=Npr|PronType=Prs|Variant=Long,jej,1,19,0.004823559279004823,16,0.018890200708382526
52,ADJ: Case=Acc|Degree=Pos|Gender=Fem|Number=Plur,"rozpuszczalne, mokre, brudne",14,19,0.004823559279004823,15,0.01770956316410862
447,PRON: Case=Nom|Gender=Fem|Number=Sing|Person=3|PrepCase=Npr|PronType=Prs|Variant=Long,ona,1,19,0.004823559279004823,16,0.018890200708382526
478,PUNCT: PunctType=Quot,"halo, tati, mamus",15,18,0.00456968773800457,13,0.015348288075560802
376,PRON: Animacy=Hum|Case=Dat|Gender=Masc|Number=Plur|Person=1|PronType=Prs,nam,1,18,0.00456968773800457,15,0.01770956316410862
506,VERB: Aspect=Imp|Mood=Ind|Number=Sing|Person=3|Tense=Fut|VerbForm=Fin,będzie,1,18,0.00456968773800457,17,0.020070838252656435
287,NOUN: Animacy=Nhum|Case=Nom|Gender=Masc|Number=Plur,"słonie, pieski, gołębie",15,18,0.00456968773800457,17,0.020070838252656435
195,DET: Case=Acc|Gender=Fem|Number=Sing|Number[psor]=Sing|Person=1|Poss=Yes|PronType=Prs,"moją, cie",2,18,0.00456968773800457,18,0.021251475796930343
382,PRON: Animacy=Hum|Case=Dat|Gender=Masc|Number=Sing|Person=3|PrepCase=Npr|PronType=Prs|Variant=Short,mu,1,18,0.00456968773800457,16,0.018890200708382526
101,AUX: Animacy=Hum|Aspect=Imp|Gender=Masc|Mood=Ind|Number=Sing|Tense=Past|VerbForm=Fin|Voice=Act,był,1,17,0.004315816197004316,16,0.018890200708382526
255,NOUN: Animacy=Hum|Case=Dat|Gender=Masc|Number=Sing,"pieskowi, misiowi, tatusiowi",13,17,0.004315816197004316,16,0.018890200708382526
342,NOUN: Case=Nom|Gender=Neut|NumType=Sets|Number=Plur,"dzieci, uszy",2,17,0.004315816197004316,16,0.018890200708382526
428,PRON: Case=Dat|Gender=Neut|Number=Sing|PronType=Int,czemu,1,17,0.004315816197004316,15,0.01770956316410862
385,PRON: Animacy=Hum|Case=Gen|Gender=Masc|Number=Plur|Person=1|PronType=Prs,nas,1,16,0.004061944656004062,15,0.01770956316410862
243,DET: Case=Nom|Gender=Fem|Number=Sing|PronType=Rel,"jaka, która",2,16,0.004061944656004062,15,0.01770956316410862
118,AUX: Aspect=Imp|Mood=Ind|Number=Sing|Person=2|Tense=Fut|VerbForm=Fin,"będziesz, bedziesz",2,16,0.004061944656004062,14,0.01652892561983471
333,NOUN: Case=Loc|Gender=Masc|Number=Sing,"scotecce, placi, dęba",14,16,0.004061944656004062,15,0.01770956316410862
336,NOUN: Case=Loc|Gender=Neut|Number=Ptan,"schodach, sankach, zakupach",7,15,0.003808073115003808,13,0.015348288075560802
279,NOUN: Animacy=Nhum|Case=Acc|Gender=Masc|Number=Plur,"koniki, słonie, smoki",14,15,0.003808073115003808,13,0.015348288075560802
175,DET: Animacy=Inan|Case=Nom|Gender=Masc|Number=Plur|Number[psor]=Plur|Person=1|Poss=Yes|PronType=Prs,moje,1,15,0.003808073115003808,15,0.01770956316410862
417,PRON: Case=Acc|Gender=Masc|Number=Plur|Person=3|PrepCase=Npr|PronType=Prs|Variant=Long,je,1,14,0.003554201574003554,12,0.014167650531286895
415,PRON: Case=Acc|Gender=Fem|Number=Sing|Person=3|PrepCase=Npr|PronType=Prs|Variant=Long,ją,1,14,0.003554201574003554,14,0.01652892561983471
151,DET: Animacy=Inan|Case=Acc|Gender=Masc|Number=Plur|PronType=Dem,"te, takie",2,14,0.003554201574003554,11,0.012987012987012988
481,VERB: Animacy=Hum|Aspect=Imp|Gender=Masc|Mood=Ind|Number=Plur|Tense=Past|VerbForm=Fin|Voice=Act,"latali, byli, citali",12,14,0.003554201574003554,10,0.011806375442739079
290,NOUN: Aspect=Imp|Case=Acc|Gender=Neut|Number=Sing|Polarity=Pos|VerbForm=Vnoun,"picie, pranie, niadanie",3,14,0.003554201574003554,14,0.01652892561983471
274,NOUN: Animacy=Inan|Case=Loc|Gender=Masc|Number=Plur,"torach, palcach, samochodzikach",13,14,0.003554201574003554,14,0.01652892561983471
33,ADJ: Animacy=Inan|Case=Nom|Degree=Pos|Gender=Masc|Number=Plur,"nowe, dobre, ładne",12,14,0.003554201574003554,13,0.015348288075560802
519,VERB: Aspect=Perf|Mood=Imp|Number=Plur|Person=1|VerbForm=Fin|Voice=Act,"pobawmy, przeczytajmy, pomówmy",10,13,0.0033003300330033004,9,0.010625737898465172
142,DET: Animacy=Hum|Case=Nom|Gender=Masc|Number=Sing|PronType=Dem,"taki, ten",2,13,0.0033003300330033004,11,0.012987012987012988
153,DET: Animacy=Inan|Case=Acc|Gender=Masc|Number=Sing|Number[psor]=Sing|Person=1|Poss=Yes|PronType=Prs,"mój, twój",2,13,0.0033003300330033004,12,0.014167650531286895
284,NOUN: Animacy=Nhum|Case=Ins|Gender=Masc|Number=Sing,"pieskiem, psem, kubusiem",6,13,0.0033003300330033004,12,0.014167650531286895
157,DET: Animacy=Inan|Case=Acc|Gender=Masc|Number=Sing|PronType=Int,jaki,1,13,0.0033003300330033004,13,0.015348288075560802
36,ADJ: Animacy=Nhum|Case=Acc|Degree=Pos|Gender=Masc|Number=Sing,"nowego, jednego, różowego",9,13,0.0033003300330033004,12,0.014167650531286895
344,NOUN: Case=Nom|Gender=Neut|Number=Plur,"jaja, jabłka, święta",11,12,0.0030464584920030465,11,0.012987012987012988
93,ADV: Degree=Sup,"najbardziej, najfajniej, najbardzej",3,12,0.0030464584920030465,12,0.014167650531286895
31,ADJ: Animacy=Inan|Case=Ins|Degree=Pos|Gender=Masc|Number=Sing,"dużym, niebieskiem, różowym",10,12,0.0030464584920030465,12,0.014167650531286895
538,X: Abbr=Yes|Pun=Yes,"św, itp, itd",3,12,0.0030464584920030465,8,0.009445100354191263
113,AUX: Aspect=Imp|Mood=Ind|Number=Plur|Person=3|Tense=Fut|VerbForm=Fin,będą,1,12,0.0030464584920030465,11,0.012987012987012988
188,DET: Animacy=Nhum|Case=Nom|Gender=Masc|Number=Sing|PronType=Dem,ten,1,12,0.0030464584920030465,11,0.012987012987012988
55,ADJ: Case=Acc|Degree=Pos|Gender=Neut|Number=Plur,"brudne, mokre, fajne",10,12,0.0030464584920030465,11,0.012987012987012988
472,PUNCT: PunctType=Comm,"tez, tlaktol, bułe",10,12,0.0030464584920030465,9,0.010625737898465172
184,DET: Animacy=Inan|Case=Nom|Gender=Masc|Number=Sing|PronType=Int,jaki,1,11,0.0027925869510027927,11,0.012987012987012988
453,PRON: Case=Nom|Gender=Neut|Number=Sing|PronType=Neg,nic,1,11,0.0027925869510027927,11,0.012987012987012988
78,ADJ: Case=Nom|Degree=Pos|Gender=Neut|Number=Plur,"same, ładne, brzydkie",10,11,0.0027925869510027927,9,0.010625737898465172
330,NOUN: Case=Loc|Gender=Fem|Number=Plur,"pieskach, witaminkach, rybach",8,11,0.0027925869510027927,10,0.011806375442739079
318,NOUN: Case=Gen|Gender=Neut|Number=Plur,"światełka, drzew, rajstop",11,11,0.0027925869510027927,11,0.012987012987012988
446,PRON: Case=Nom|Gender=Fem|Number=Sing|Person=1|PronType=Prs,ja,1,11,0.0027925869510027927,11,0.012987012987012988
130,DET: Animacy=Hum|Case=Acc|Gender=Masc|Number=Sing|Number[psor]=Sing|Person=1|Poss=Yes|PronType=Prs,mojego,1,11,0.0027925869510027927,9,0.010625737898465172
401,PRON: Animacy=Hum|Case=Loc|Gender=Masc|Number=Sing|Person=1|PronType=Prs|Variant=Long,mnie,1,11,0.0027925869510027927,10,0.011806375442739079
396,PRON: Animacy=Hum|Case=Ins|Gender=Masc|Number=Plur|Person=1|PronType=Prs,"nami, wami",2,11,0.0027925869510027927,9,0.010625737898465172
44,ADJ: Aspect=Imp|Case=Nom|Gender=Fem|Number=Sing|Polarity=Pos|VerbForm=Part|Voice=Pass,"kochana, wyzdrowiana",2,11,0.0027925869510027927,10,0.011806375442739079
190,DET: Case=Acc|Gender=Fem|NumType=Card|Number=Plur|PronType=Ind,"dużo, mało, wiele",3,10,0.002538715410002539,8,0.009445100354191263
488,VERB: Animacy=Inan|Aspect=Perf|Gender=Masc|Mood=Ind|Number=Sing|Tense=Past|VerbForm=Fin|Voice=Act,"uciekł, wypadł, przyszedł",9,10,0.002538715410002539,10,0.011806375442739079
256,NOUN: Animacy=Hum|Case=Gen|Gender=Masc|Number=Plur,"rabusiów, ameli, laury",10,10,0.002538715410002539,10,0.011806375442739079
300,NOUN: Case=Acc|Gender=Masc|Number=Plur,"lale, muu, dzici",8,10,0.002538715410002539,10,0.011806375442739079
363,PRON: Animacy=Hum|Case=Acc|Gender=Masc|Number=Plur|Person=1|PronType=Prs,nas,1,10,0.002538715410002539,9,0.010625737898465172
269,NOUN: Animacy=Inan|Case=Dat|Gender=Masc|Number=Sing,"tymkowi, idziemu, soczku",8,10,0.002538715410002539,9,0.010625737898465172
524,VERB: Aspect=Perf|Mood=Ind|Number=Plur|Person=3|Tense=Fut|VerbForm=Fin|Voice=Act,"przyjdą, wyczarują, zagoją",9,10,0.002538715410002539,10,0.011806375442739079
294,NOUN: Aspect=Imp|Case=Gen|Gender=Neut|Number=Sing|Polarity=Pos|VerbForm=Vnoun,"picia, spania, golania",7,10,0.002538715410002539,10,0.011806375442739079
98,ADV: PronType=Rel,"gdzie, kiedy",2,10,0.002538715410002539,9,0.010625737898465172
475,PUNCT: PunctType=Hyph,"wujo, jutlo, tutuś",10,10,0.002538715410002539,10,0.011806375442739079
64,ADJ: Case=Ins|Degree=Pos|Gender=Fem|Number=Sing,"dużą, niebieską, pożarną",6,9,0.002284843869002285,8,0.009445100354191263
281,NOUN: Animacy=Nhum|Case=Gen|Gender=Masc|Number=Plur,"koników, ptaszków, motylków",8,9,0.002284843869002285,9,0.010625737898465172
483,VERB: Animacy=Hum|Aspect=Perf|Gender=Masc|Mood=Ind|Number=Plur|Tense=Past|VerbForm=Fin|Voice=Act,"zabrali, naprawili, spadli",8,9,0.002284843869002285,6,0.0070838252656434475
32,ADJ: Animacy=Inan|Case=Loc|Degree=Pos|Gender=Masc|Number=Sing,"czerwonym, dużym, ciepłym",6,9,0.002284843869002285,9,0.010625737898465172
147,DET: Animacy=Inan|Case=Acc|Gender=Masc|NumType=Card|Number=Plur|PronType=Ind,"dużo, więcej, mało",3,9,0.002284843869002285,8,0.009445100354191263
95,ADV: PronType=Ind,"kiedyś, gdzieś",2,9,0.002284843869002285,9,0.010625737898465172
340,NOUN: Case=Nom|Gender=Masc|Number=Plur,"piseek, ciapy, maje",9,9,0.002284843869002285,9,0.010625737898465172
167,DET: Animacy=Inan|Case=Ins|Gender=Masc|Number=Sing|PronType=Dem,"tym, takim",2,9,0.002284843869002285,8,0.009445100354191263
245,DET: Case=Nom|Gender=Neut|NumType=Card|Number=Plur|PronType=Ind,"dużo, więcej",2,9,0.002284843869002285,5,0.0059031877213695395
527,VERB: Aspect=Perf|Mood=Ind|Number=Sing|Person=2|VerbForm=Fin|Voice=Act,"oć, zrub, wlejsz",8,9,0.002284843869002285,9,0.010625737898465172
165,DET: Animacy=Inan|Case=Gen|Gender=Masc|Number=Sing|PronType=Dem,tego,1,9,0.002284843869002285,9,0.010625737898465172
5,ADJ: Animacy=Hum|Case=Acc|Degree=Pos|Gender=Masc|Number=Sing,"niedobrego, fajnego, sam",9,9,0.002284843869002285,8,0.009445100354191263
191,DET: Case=Acc|Gender=Fem|Number=Plur|Number[psor]=Plur|Person=1|Poss=Yes|PronType=Prs,"moje, twoje",2,9,0.002284843869002285,8,0.009445100354191263
325,NOUN: Case=Ins|Gender=Neut|NumType=Sets|Number=Plur,"dziećmi, zwierzętami",2,8,0.002030972328002031,7,0.008264462809917356
391,PRON: Animacy=Hum|Case=Gen|Gender=Masc|Number=Sing|Person=2|PronType=Prs|Variant=Short,cię,1,8,0.002030972328002031,6,0.0070838252656434475
410,PRON: Animacy=Hum|Case=Nom|Gender=Masc|Number=Sing|PronType=Ind,ktoś,1,8,0.002030972328002031,6,0.0070838252656434475
9,ADJ: Animacy=Hum|Case=Ins|Degree=Pos|Gender=Masc|Number=Sing,"dużym, małym, szalonym",6,8,0.002030972328002031,7,0.008264462809917356
225,DET: Case=Ins|Gender=Fem|Number=Sing|Number[psor]=Sing|Person=1|Poss=Yes|PronType=Prs,"moją, naszą",2,8,0.002030972328002031,8,0.009445100354191263
103,AUX: Animacy=Inan|Aspect=Imp|Gender=Masc|Mood=Ind|Number=Sing|Tense=Past|VerbForm=Fin|Voice=Act,był,1,8,0.002030972328002031,8,0.009445100354191263
76,ADJ: Case=Nom|Degree=Pos|Gender=Masc|Number=Plur,"zielone, duże, żółte",6,8,0.002030972328002031,6,0.0070838252656434475
246,DET: Case=Nom|Gender=Neut|Number=Plur|Number[psor]=Plur|Person=1|Poss=Yes|PronType=Prs,moje,1,8,0.002030972328002031,8,0.009445100354191263
403,PRON: Animacy=Hum|Case=Nom|Gender=Masc|Number=Plur|Person=1|PronType=Prs,my,1,8,0.002030972328002031,8,0.009445100354191263
486,VERB: Animacy=Inan|Aspect=Imp|Gender=Masc|Mood=Ind|Number=Sing|Tense=Past|VerbForm=Fin|Voice=Act,"bolał, miał, leciał",7,8,0.002030972328002031,8,0.009445100354191263
253,NOUN: Animacy=Hum|Case=Acc|Gender=Masc|Number=Plur,"piratów, przyjaciół, rodziców",7,7,0.001777100787001777,7,0.008264462809917356
515,VERB: Aspect=Perf|Gender=Fem|Mood=Ind|Number=Plur|Tense=Past|VerbForm=Fin|Voice=Act,"spadły, wpadły, przyjechały",6,7,0.001777100787001777,7,0.008264462809917356
99,ADV: PronType=Tot,"zawsze, wszędzie",2,7,0.001777100787001777,7,0.008264462809917356
496,VERB: Aspect=Imp|Mood=Imp|Number=Plur|Person=2|VerbForm=Fin|Voice=Act,"chodźcie, ratujcie, idźcie",5,7,0.001777100787001777,7,0.008264462809917356
530,VERB: Aspect=Perf|Mood=Ind|Number=Sing|Person=3|Tense=Pres|VerbForm=Fin|Voice=Act,"zampki, podgłoś, utnij",6,7,0.001777100787001777,6,0.0070838252656434475
238,DET: Case=Nom|Gender=Fem|Number=Plur|Number[psor]=Plur|Person=1|Poss=Yes|PronType=Prs,moje,1,7,0.001777100787001777,7,0.008264462809917356
520,VERB: Aspect=Perf|Mood=Imp|Number=Plur|Person=2|VerbForm=Fin|Voice=Act,"dajcie, wybudujcie, zostawicie",6,7,0.001777100787001777,6,0.0070838252656434475
207,DET: Case=Acc|Gender=Neut|Number=Sing|Number[psor]=Sing|Person=1|Poss=Yes|PronType=Prs,moje,1,7,0.001777100787001777,7,0.008264462809917356
451,PRON: Case=Nom|Gender=Neut|Number=Sing|PronType=Ind,coś,1,7,0.001777100787001777,7,0.008264462809917356
466,PROPN: Case=Gen|Gender=Fem|Number=Sing,"oli, eli, gosi",4,6,0.0015232292460015233,6,0.0070838252656434475
278,NOUN: Animacy=Inan|Case=Voc|Gender=Masc|Number=Sing,"olusiu, pilocie, mamuniu",5,6,0.0015232292460015233,5,0.0059031877213695395
74,ADJ: Case=Nom|Degree=Pos|Gender=Fem|Number=Plur,"drogie, niezdrowe, białe",6,6,0.0015232292460015233,5,0.0059031877213695395
351,NUM: Animacy=Inan|Case=Nom|Gender=Masc|NumForm=Word|Number=Plur,"sto, dwa, trzy",4,6,0.0015232292460015233,5,0.0059031877213695395
223,DET: Case=Gen|Gender=Neut|Number=Sing|PronType=Dem,"tego, takiego",2,6,0.0015232292460015233,6,0.0070838252656434475
404,PRON: Animacy=Hum|Case=Nom|Gender=Masc|Number=Plur|Person=3|PrepCase=Npr|PronType=Prs|Variant=Long,oni,1,6,0.0015232292460015233,5,0.0059031877213695395
213,DET: Case=Gen|Gender=Fem|Number=Sing|Number[psor]=Plur|Person=1|Poss=Yes|PronType=Prs,"mojej, twojej",2,6,0.0015232292460015233,6,0.0070838252656434475
297,NOUN: Aspect=Perf|Case=Acc|Gender=Neut|Number=Sing|Polarity=Pos|VerbForm=Vnoun,"przyjęcie, wyjście, scepienie",3,6,0.0015232292460015233,6,0.0070838252656434475
163,DET: Animacy=Inan|Case=Gen|Gender=Masc|Number=Sing|Number[psor]=Plur|Person=1|Poss=Yes|PronType=Prs,"mojego, naszego",2,6,0.0015232292460015233,6,0.0070838252656434475
302,NOUN: Case=Acc|Gender=Neut|NumType=Sets|Number=Plur,"oczy, dzieci, uszy",3,6,0.0015232292460015233,5,0.0059031877213695395
354,NUM: Case=Acc|Gender=Fem|NumForm=Word|Number=Plur,"dwie, trzy",2,6,0.0015232292460015233,6,0.0070838252656434475
226,DET: Case=Ins|Gender=Fem|Number=Sing|PronType=Dem,"tą, taką",2,6,0.0015232292460015233,5,0.0059031877213695395
199,DET: Case=Acc|Gender=Fem|Number=Sing|PronType=Rel,"jaką, którą",2,6,0.0015232292460015233,6,0.0070838252656434475
414,PRON: Case=Acc|Gender=Fem|Number=Plur|Person=3|PrepCase=Npr|PronType=Prs|Variant=Long,je,1,6,0.0015232292460015233,6,0.0070838252656434475
327,NOUN: Case=Ins|Gender=Neut|Number=Plur,"zdaniami, autami, oczkami",4,6,0.0015232292460015233,6,0.0070838252656434475
487,VERB: Animacy=Inan|Aspect=Perf|Gender=Masc|Mood=Ind|Number=Plur|Tense=Past|VerbForm=Fin|Voice=Act,"zderzyły, wypisały, zabrudziły",4,5,0.0012693577050012694,4,0.004722550177095631
29,ADJ: Animacy=Inan|Case=Gen|Degree=Pos|Gender=Masc|Number=Sing,"drugiego, truskawkowego, malinowego",4,5,0.0012693577050012694,5,0.0059031877213695395
3,ADJ: Animacy=Hum|Aspect=Perf|Case=Nom|Gender=Masc|Number=Sing|Polarity=Pos|VerbForm=Part|Voice=Pass,"najedzony, zmeczony, niezwyciężony",4,5,0.0012693577050012694,5,0.0059031877213695395
345,NOUN: Case=Nom|Gender=Neut|Number=Ptan,"urodziny, zakupy, urodzinki",4,5,0.0012693577050012694,5,0.0059031877213695395
343,NOUN: Case=Nom|Gender=Neut|NumType=Sets|Number=Sing,"oko, dziecko",2,5,0.0012693577050012694,5,0.0059031877213695395
511,VERB: Aspect=Imp|Mood=Ind|Number=Sing|Tense=Pres|VerbForm=Fin|Voice=Act,"sinon, ite, janio",5,5,0.0012693577050012694,5,0.0059031877213695395
319,NOUN: Case=Gen|Gender=Neut|Number=Ptan,"spodni, drzwi, słodyczy",3,5,0.0012693577050012694,5,0.0059031877213695395
364,PRON: Animacy=Hum|Case=Acc|Gender=Masc|Number=Plur|Person=2|PronType=Prs,was,1,5,0.0012693577050012694,2,0.0023612750885478157
500,VERB: Aspect=Imp|Mood=Ind|Number=Plur|Person=2|Tense=Pres|VerbForm=Fin|Voice=Act,"widzicie, braciszki, lubie",5,5,0.0012693577050012694,5,0.0059031877213695395
295,NOUN: Aspect=Imp|Case=Loc|Gender=Neut|Number=Sing|Polarity=Pos|VerbForm=Vnoun,"piciu, leżakowaniu",2,5,0.0012693577050012694,5,0.0059031877213695395
60,ADJ: Case=Gen|Degree=Pos|Gender=Fem|Number=Sing,"nowej, klockowej, malinowej",4,5,0.0012693577050012694,5,0.0059031877213695395
370,PRON: Animacy=Hum|Case=Acc|Gender=Masc|Number=Sing|Person=2|PronType=Prs,mamo,1,5,0.0012693577050012694,5,0.0059031877213695395
51,ADJ: Aspect=Perf|Case=Nom|Gender=Neut|Number=Sing|Polarity=Pos|VerbForm=Part|Voice=Pass,"naładowane, zamknięte, zmęcione",5,5,0.0012693577050012694,5,0.0059031877213695395
154,DET: Animacy=Inan|Case=Acc|Gender=Masc|Number=Sing|Poss=Yes|PronType=Prs|Reflex=Yes,swój,1,5,0.0012693577050012694,4,0.004722550177095631
209,DET: Case=Acc|Gender=Neut|Number=Sing|PronType=Dem,"to, takie",2,5,0.0012693577050012694,5,0.0059031877213695395
107,AUX: Aspect=Imp|Gender=Fem|Mood=Ind|Number=Plur|Tense=Past|VerbForm=Fin|Voice=Act,były,1,5,0.0012693577050012694,4,0.004722550177095631
392,PRON: Animacy=Hum|Case=Gen|Gender=Masc|Number=Sing|Person=3|PrepCase=Npr|PronType=Prs|Variant=Short,go,1,5,0.0012693577050012694,3,0.0035419126328217238
198,DET: Case=Acc|Gender=Fem|Number=Sing|PronType=Ind,jakąś,1,5,0.0012693577050012694,5,0.0059031877213695395
438,PRON: Case=Ins|Gender=Fem|Number=Sing|Person=3|PrepCase=Pre|PronType=Prs|Variant=Long,nią,1,5,0.0012693577050012694,5,0.0059031877213695395
439,PRON: Case=Ins|Gender=Neut|Number=Sing|PronType=Dem,tym,1,5,0.0012693577050012694,4,0.004722550177095631
442,PRON: Case=Loc|Gender=Neut|Number=Sing|PronType=Dem,tym,1,5,0.0012693577050012694,5,0.0059031877213695395
402,PRON: Animacy=Hum|Case=Nom|Gender=Fem|Number=Sing|Person=1|PronType=Prs,ja,1,5,0.0012693577050012694,5,0.0059031877213695395
477,PUNCT: PunctType=Qest,"pisiu, ciuciu, słoneczko",3,5,0.0012693577050012694,4,0.004722550177095631
158,DET: Animacy=Inan|Case=Acc|Gender=Masc|Number=Sing|PronType=Rel,jaki,1,5,0.0012693577050012694,5,0.0059031877213695395
192,DET: Case=Acc|Gender=Fem|Number=Plur|PronType=Dem,"takie, te",2,5,0.0012693577050012694,5,0.0059031877213695395
212,DET: Case=Gen|Gender=Fem|Number=Plur|PronType=Dem,tych,1,4,0.0010154861640010156,4,0.004722550177095631
293,NOUN: Aspect=Imp|Case=Gen|Gender=Neut|Number=Sing,picia,1,4,0.0010154861640010156,3,0.0035419126328217238
25,ADJ: Animacy=Inan|Aspect=Perf|Case=Nom|Gender=Masc|Number=Sing|Polarity=Pos|VerbForm=Part|Voice=Pass,"przewrócony, popsuty, zjedzony",4,4,0.0010154861640010156,4,0.004722550177095631
394,PRON: Animacy=Hum|Case=Gen|Gender=Masc|Number=Sing|PronType=Int,kogo,1,4,0.0010154861640010156,4,0.004722550177095631
405,PRON: Animacy=Hum|Case=Nom|Gender=Masc|Number=Ptan|PronType=Tot,wszyscy,1,4,0.0010154861640010156,4,0.004722550177095631
424,PRON: Case=Acc|Gender=Neut|Number=Sing|PronType=Tot,wszystko,1,4,0.0010154861640010156,4,0.004722550177095631
296,NOUN: Aspect=Imp|Case=Nom|Gender=Neut|Number=Sing|Polarity=Pos|VerbForm=Vnoun,picie,1,4,0.0010154861640010156,3,0.0035419126328217238
323,NOUN: Case=Ins|Gender=Masc|Number=Plur,"kredkami, autkami, dżipkami",3,4,0.0010154861640010156,4,0.004722550177095631
462,PROPN: Animacy=Inan|Case=Nom|Gender=Masc|Number=Sing,"chem, am, apu",3,4,0.0010154861640010156,2,0.0023612750885478157
324,NOUN: Case=Ins|Gender=Masc|Number=Sing,"ewcią, zuzą, tosią",4,4,0.0010154861640010156,4,0.004722550177095631
176,DET: Animacy=Inan|Case=Nom|Gender=Masc|Number=Plur|PronType=Dem,te,1,4,0.0010154861640010156,4,0.004722550177095631
135,DET: Animacy=Hum|Case=Gen|Gender=Masc|Number=Sing|PronType=Dem,"tego, takiego",2,4,0.0010154861640010156,3,0.0035419126328217238
455,PRON: Case=Nom|Gender=Neut|Number=Sing|PronType=Tot,wszystko,1,4,0.0010154861640010156,4,0.004722550177095631
68,ADJ: Case=Loc|Degree=Pos|Gender=Fem|Number=Sing,"innej, tek, piatej",4,4,0.0010154861640010156,4,0.004722550177095631
508,VERB: Aspect=Imp|Mood=Ind|Number=Sing|Person=3|VerbForm=Fin|Voice=Act,"nakalmie, wybierzem, rysowaj",3,4,0.0010154861640010156,3,0.0035419126328217238
132,DET: Animacy=Hum|Case=Acc|Gender=Masc|Number=Sing|PronType=Dem,"takiego, tamtego, tego",3,4,0.0010154861640010156,4,0.004722550177095631
259,NOUN: Animacy=Hum|Case=Ins|Gender=Masc|Number=Plur,"strażakami, przedszkolauciekamy, rodzicami",4,4,0.0010154861640010156,4,0.004722550177095631
97,ADV: PronType=Neg,"nigdy, nigdzie",2,4,0.0010154861640010156,4,0.004722550177095631
307,NOUN: Case=Dat|Gender=Fem|Number=Plur,"krowom, pieskom, mamom",3,4,0.0010154861640010156,4,0.004722550177095631
247,DET: Case=Nom|Gender=Neut|Number=Plur|PronType=Dem,te,1,4,0.0010154861640010156,4,0.004722550177095631
84,ADP: AdpType=Post|Case=Acc,temu,1,4,0.0010154861640010156,3,0.0035419126328217238
474,PUNCT: PunctType=Excl,"najodzie, tato, husiu",3,4,0.0010154861640010156,3,0.0035419126328217238
71,ADJ: Case=Loc|Degree=Pos|Gender=Neut|Number=Sing,"chowanego, zielonym, pustym",3,4,0.0010154861640010156,4,0.004722550177095631
1,ADJ: Animacy=Hum|Aspect=Imp|Case=Nom|Gender=Masc|Number=Sing|Polarity=Pos|VerbForm=Part|Voice=Pass,kochany,1,4,0.0010154861640010156,4,0.004722550177095631
201,DET: Case=Acc|Gender=Neut|NumType=Card|Number=Plur|PronType=Ind,"dużo, więcej",2,4,0.0010154861640010156,3,0.0035419126328217238
435,PRON: Case=Gen|Gender=Neut|Number=Sing|PronType=Neg,nic,1,4,0.0010154861640010156,4,0.004722550177095631
170,DET: Animacy=Inan|Case=Loc|Gender=Masc|Number=Sing|Number[psor]=Plur|Person=1|Poss=Yes|PronType=Prs,"moim, naszym",2,4,0.0010154861640010156,4,0.004722550177095631
335,NOUN: Case=Loc|Gender=Neut|Number=Plur,"potworkach, wsuwkach, kolanach",4,4,0.0010154861640010156,4,0.004722550177095631
231,DET: Case=Loc|Gender=Fem|Number=Sing|PronType=Dem,"tej, takiej",2,4,0.0010154861640010156,3,0.0035419126328217238
359,NUM: Case=Nom|Gender=Neut|NumForm=Word|Number=Plur,"dwa, trzy, cztery",3,3,0.0007616146230007616,1,0.0011806375442739079
30,ADJ: Animacy=Inan|Case=Ins|Degree=Pos|Gender=Masc|Number=Plur,"długimi, różowymi, ładnymi",3,3,0.0007616146230007616,3,0.0035419126328217238
139,DET: Animacy=Hum|Case=Nom|Gender=Masc|Number=Plur|PronType=Dem,ci,1,3,0.0007616146230007616,3,0.0035419126328217238
480,SCONJ: ConjType=Pred,jako,1,3,0.0007616146230007616,3,0.0035419126328217238
180,DET: Animacy=Inan|Case=Nom|Gender=Masc|Number=Sing|Number[psor]=Plur|Person=1|Poss=Yes|PronType=Prs,nasz,1,3,0.0007616146230007616,2,0.0023612750885478157
148,DET: Animacy=Inan|Case=Acc|Gender=Masc|Number=Plur|Number[psor]=Plur|Person=1|Poss=Yes|PronType=Prs,moje,1,3,0.0007616146230007616,3,0.0035419126328217238
332,NOUN: Case=Loc|Gender=Masc|Number=Plur,"słuchawkach, einstoinach, niemcach",3,3,0.0007616146230007616,3,0.0035419126328217238
172,DET: Animacy=Inan|Case=Loc|Gender=Masc|Number=Sing|PronType=Dem,"tamtym, tym, takim",3,3,0.0007616146230007616,3,0.0035419126328217238
352,NUM: Animacy=Nhum|Case=Acc|Gender=Masc|NumForm=Word|Number=Plur,"dwa, cztery",2,3,0.0007616146230007616,3,0.0035419126328217238
11,ADJ: Animacy=Hum|Case=Nom|Degree=Pos|Gender=Masc|Number=Plur,"duzi, sami",2,3,0.0007616146230007616,3,0.0035419126328217238
440,PRON: Case=Ins|Gender=Neut|Number=Sing|PronType=Int,czym,1,3,0.0007616146230007616,3,0.0035419126328217238
443,PRON: Case=Loc|Gender=Neut|Number=Sing|PronType=Int,czym,1,3,0.0007616146230007616,3,0.0035419126328217238
136,DET: Animacy=Hum|Case=Ins|Gender=Masc|Number=Sing|Number[psor]=Sing|Person=1|Poss=Yes|PronType=Prs,moim,1,3,0.0007616146230007616,3,0.0035419126328217238
412,PRON: Animacy=Hum|Case=Nom|Gender=Masc|Number=Sing|PronType=Neg,nikt,1,3,0.0007616146230007616,3,0.0035419126328217238
377,PRON: Animacy=Hum|Case=Dat|Gender=Masc|Number=Plur|Person=2|PronType=Prs,wam,1,3,0.0007616146230007616,3,0.0035419126328217238
261,NOUN: Animacy=Hum|Case=Loc|Gender=Masc|Number=Sing,"tato, śmieciarze, dziadku",3,3,0.0007616146230007616,3,0.0035419126328217238
236,DET: Case=Loc|Gender=Neut|Number=Sing|PronType=Dem,tym,1,3,0.0007616146230007616,3,0.0035419126328217238
77,ADJ: Case=Nom|Degree=Pos|Gender=Masc|Number=Sing,"dzie, babetcke, zabawne",3,3,0.0007616146230007616,3,0.0035419126328217238
463,PROPN: Case=Acc|Gender=Fem|Number=Sing,olę,1,3,0.0007616146230007616,3,0.0035419126328217238
239,DET: Case=Nom|Gender=Fem|Number=Plur|PronType=Dem,"takie, te",2,3,0.0007616146230007616,3,0.0035419126328217238
286,NOUN: Animacy=Nhum|Case=Loc|Gender=Masc|Number=Sing,koniku,1,3,0.0007616146230007616,3,0.0035419126328217238
400,PRON: Animacy=Hum|Case=Ins|Gender=Masc|Number=Sing|Person=3|PrepCase=Pre|PronType=Prs|Variant=Long,nim,1,3,0.0007616146230007616,2,0.0023612750885478157
233,DET: Case=Loc|Gender=Fem|Number=Sing|PronType=Rel,której,1,3,0.0007616146230007616,3,0.0035419126328217238
59,ADJ: Case=Gen|Degree=Pos|Gender=Fem|Number=Plur,"ciekawych, kolorowych, innych",3,3,0.0007616146230007616,3,0.0035419126328217238
218,DET: Case=Gen|Gender=Fem|Number=Sing|PronType=Rel,jakiej,1,3,0.0007616146230007616,3,0.0035419126328217238
131,DET: Animacy=Hum|Case=Acc|Gender=Masc|Number=Sing|Poss=Yes|PronType=Prs|Reflex=Yes,swojego,1,3,0.0007616146230007616,3,0.0035419126328217238
134,DET: Animacy=Hum|Case=Gen|Gender=Masc|Number=Sing|Poss=Yes|PronType=Prs|Reflex=Yes,swojego,1,3,0.0007616146230007616,3,0.0035419126328217238
204,DET: Case=Acc|Gender=Neut|Number=Plur|PronType=Dem,te,1,3,0.0007616146230007616,2,0.0023612750885478157
102,AUX: Animacy=Inan|Aspect=Imp|Gender=Masc|Mood=Ind|Number=Plur|Tense=Past|VerbForm=Fin|Voice=Act,były,1,3,0.0007616146230007616,3,0.0035419126328217238
48,ADJ: Aspect=Perf|Case=Nom|Gender=Fem|Number=Sing|Polarity=Pos|VerbForm=Part|Voice=Pass,"najedzona, ubrana, zmęczona",3,3,0.0007616146230007616,3,0.0035419126328217238
250,DET: Case=Nom|Gender=Neut|Number=Sing|PronType=Dem,"to, takie",2,3,0.0007616146230007616,3,0.0035419126328217238
444,PRON: Case=Loc|PronType=Prs|Reflex=Yes,sobie,1,2,0.0005077430820005078,2,0.0023612750885478157
485,VERB: Animacy=Inan|Aspect=Imp|Gender=Masc|Mood=Ind|Number=Plur|Tense=Past|VerbForm=Fin|Voice=Act,"naszykowały, atakowały",2,2,0.0005077430820005078,2,0.0023612750885478157
471,PROPN: Case=Nom|Gender=Neut|Number=Sing,"duzio, siok",2,2,0.0005077430820005078,2,0.0023612750885478157
532,VERB: Aspect=Perf|Mood=Ind|Number=Sing|Tense=Past|VerbForm=Fin|Voice=Act,"popsiuty, poszed",2,2,0.0005077430820005078,1,0.0011806375442739079
388,PRON: Animacy=Hum|Case=Gen|Gender=Masc|Number=Plur|Person=3|PrepCase=Pre|PronType=Prs|Variant=Long,nich,1,2,0.0005077430820005078,2,0.0023612750885478157
531,VERB: Aspect=Perf|Mood=Ind|Number=Sing|Person=3|VerbForm=Fin|Voice=Act,"napisaj, ubraj",2,2,0.0005077430820005078,2,0.0023612750885478157
445,PRON: Case=Nom|Gender=Fem|Number=Plur|Person=3|PrepCase=Npr|PronType=Prs|Variant=Long,one,1,2,0.0005077430820005078,2,0.0023612750885478157
467,PROPN: Case=Gen|Gender=Neut|Number=Sing,włoch,1,2,0.0005077430820005078,1,0.0011806375442739079
512,VERB: Aspect=Imp|Mood=Ind|Number=Sing|VerbForm=Fin|Voice=Act,"ok, niu",2,2,0.0005077430820005078,2,0.0023612750885478157
393,PRON: Animacy=Hum|Case=Gen|Gender=Masc|Number=Sing|Person=3|PrepCase=Pre|PronType=Prs|Variant=Long,niego,1,2,0.0005077430820005078,2,0.0023612750885478157
489,VERB: Aspect=Imp|Gender=Fem|Mood=Ind|Number=Plur|Tense=Past|VerbForm=Fin|Voice=Act,"miały, trąbiły",2,2,0.0005077430820005078,1,0.0011806375442739079
493,VERB: Aspect=Imp|Gender=Neut|Mood=Ind|Number=Plur|Tense=Past|VerbForm=Fin|Voice=Act,"były, śpiewały",2,2,0.0005077430820005078,2,0.0023612750885478157
521,VERB: Aspect=Perf|Mood=Imp|Number=Sing|Person=1|VerbForm=Fin|Voice=Act,"łap, oddam",2,2,0.0005077430820005078,2,0.0023612750885478157
413,PRON: Animacy=Hum|Case=Nom|Gender=Masc|Number=Sing|PronType=Rel,kto,1,2,0.0005077430820005078,2,0.0023612750885478157
395,PRON: Animacy=Hum|Case=Gen|Gender=Masc|Number=Sing|PronType=Neg,nikogo,1,2,0.0005077430820005078,1,0.0011806375442739079
427,PRON: Case=Dat|Gender=Fem|Number=Sing|Person=3|PrepCase=Npr|PronType=Prs|Variant=Long,jej,1,2,0.0005077430820005078,2,0.0023612750885478157
355,NUM: Case=Acc|Gender=Masc|NumForm=Word|Number=Plur,"dwa, trzy",2,2,0.0005077430820005078,2,0.0023612750885478157
426,PRON: Case=Acc|PronType=Prs|Reflex=Yes,siebie,1,2,0.0005077430820005078,1,0.0011806375442739079
367,PRON: Animacy=Hum|Case=Acc|Gender=Masc|Number=Sing|Person=1|PronType=Prs,cie,1,2,0.0005077430820005078,2,0.0023612750885478157
423,PRON: Case=Acc|Gender=Neut|Number=Sing|PronType=Rel,co,1,2,0.0005077430820005078,2,0.0023612750885478157
416,PRON: Case=Acc|Gender=Fem|Number=Sing|Person=3|PrepCase=Pre|PronType=Prs|Variant=Long,nią,1,2,0.0005077430820005078,2,0.0023612750885478157
458,PROPN: Animacy=Hum|Case=Gen|Gender=Masc|Number=Sing,"pio, ali",2,2,0.0005077430820005078,2,0.0023612750885478157
449,PRON: Case=Nom|Gender=Masc|Number=Sing|PronType=Prs,juz,1,2,0.0005077430820005078,2,0.0023612750885478157
540,X: NumForm=Digit,"1, 2",2,2,0.0005077430820005078,2,0.0023612750885478157
349,NUM: Animacy=Inan|Case=Acc|Gender=Masc|NumForm=Digit|NumType=Card|Number=Plur,"25, 100",2,2,0.0005077430820005078,2,0.0023612750885478157
203,DET: Case=Acc|Gender=Neut|Number=Plur|Poss=Yes|PronType=Prs|Reflex=Yes,swoje,1,2,0.0005077430820005078,2,0.0023612750885478157
69,ADJ: Case=Loc|Degree=Pos|Gender=Masc|Number=Plur,"złych, mali",2,2,0.0005077430820005078,2,0.0023612750885478157
66,ADJ: Case=Ins|Degree=Pos|Gender=Neut|Number=Sing,małym,1,2,0.0005077430820005078,1,0.0011806375442739079
65,ADJ: Case=Ins|Degree=Pos|Gender=Neut|Number=Plur,pełnymi,1,2,0.0005077430820005078,2,0.0023612750885478157
194,DET: Case=Acc|Gender=Fem|Number=Plur|PronType=Tot,"wszystkich, wszystkie",2,2,0.0005077430820005078,2,0.0023612750885478157
196,DET: Case=Acc|Gender=Fem|Number=Sing|Poss=Yes|PronType=Prs|Reflex=Yes,swoją,1,2,0.0005077430820005078,2,0.0023612750885478157
200,DET: Case=Acc|Gender=Masc|NumType=Card|Number=Plur|PronType=Int,ile,1,2,0.0005077430820005078,2,0.0023612750885478157
206,DET: Case=Acc|Gender=Neut|Number=Plur|PronType=Tot,wszystkie,1,2,0.0005077430820005078,2,0.0023612750885478157
70,ADJ: Case=Loc|Degree=Pos|Gender=Masc|Number=Sing|VerbForm=Part,chowanego,1,2,0.0005077430820005078,2,0.0023612750885478157
57,ADJ: Case=Dat|Degree=Pos|Gender=Neut|Number=Plur,grzecznym,1,2,0.0005077430820005078,1,0.0011806375442739079
214,DET: Case=Gen|Gender=Fem|Number=Sing|Number[psor]=Sing|Person=1|Poss=Yes|PronType=Prs,mojej,1,2,0.0005077430820005078,2,0.0023612750885478157
217,DET: Case=Gen|Gender=Fem|Number=Sing|PronType=Neg,żadnej,1,2,0.0005077430820005078,1,0.0011806375442739079
219,DET: Case=Gen|Gender=Masc|Number=Sing|Number[psor]=Sing|Person=1|Poss=Yes|PronType=Prs,mojego,1,2,0.0005077430820005078,2,0.0023612750885478157
46,ADJ: Aspect=Perf|Case=Acc|Gender=Neut|Number=Sing|Polarity=Pos|VerbForm=Part|Voice=Pass,"zapalone, zajęte",2,2,0.0005077430820005078,2,0.0023612750885478157
234,DET: Case=Loc|Gender=Neut|Number=Sing|Number[psor]=Sing|Person=1|Poss=Yes|PronType=Prs,moim,1,2,0.0005077430820005078,2,0.0023612750885478157
185,DET: Animacy=Inan|Case=Nom|Gender=Masc|Number=Sing|PronType=Rel,który,1,2,0.0005077430820005078,2,0.0023612750885478157
81,ADJ: Degree=Pos,daleka,1,2,0.0005077430820005078,1,0.0011806375442739079
237,DET: Case=Nom|Gender=Fem|NumType=Card|Number=Plur|PronType=Ind,dużo,1,2,0.0005077430820005078,2,0.0023612750885478157
112,AUX: Aspect=Imp|Mood=Ind|Number=Plur|Person=2|Tense=Pres|VerbForm=Fin|Voice=Act,jesteście,1,2,0.0005077430820005078,2,0.0023612750885478157
129,DET: Animacy=Hum|Case=Acc|Gender=Masc|Number=Plur|PronType=Tot,wszystkich,1,2,0.0005077430820005078,2,0.0023612750885478157
138,DET: Animacy=Hum|Case=Nom|Gender=Masc|Number=Plur|Number[psor]=Plur|Person=1|Poss=Yes|PronType=Prs,moi,1,2,0.0005077430820005078,1,0.0011806375442739079
144,DET: Animacy=Hum|Case=Nom|Gender=Masc|Number=Sing|PronType=Rel,który,1,2,0.0005077430820005078,2,0.0023612750885478157
124,AUX: Aspect=Imp|VerbForm=Inf|Voice=Act,być,1,2,0.0005077430820005078,1,0.0011806375442739079
119,AUX: Aspect=Imp|Mood=Ind|Number=Sing|Person=2|Tense=Fut|VerbForm=Fin|Voice=Act,bedziesz,1,2,0.0005077430820005078,2,0.0023612750885478157
156,DET: Animacy=Inan|Case=Acc|Gender=Masc|Number=Sing|PronType=Ind,jakiś,1,2,0.0005077430820005078,2,0.0023612750885478157
110,AUX: Aspect=Imp|Mood=Imp|Number=Sing|Person=2|VerbForm=Fin|Voice=Act,bądź,1,2,0.0005077430820005078,2,0.0023612750885478157
83,ADJ: PrepCase=Pre,"nonio, turecku",2,2,0.0005077430820005078,2,0.0023612750885478157
162,DET: Animacy=Inan|Case=Gen|Gender=Masc|Number=Plur|PronType=Dem,tych,1,2,0.0005077430820005078,2,0.0023612750885478157
164,DET: Animacy=Inan|Case=Gen|Gender=Masc|Number=Sing|Poss=Yes|PronType=Prs|Reflex=Yes,swojego,1,2,0.0005077430820005078,2,0.0023612750885478157
166,DET: Animacy=Inan|Case=Gen|Gender=Masc|Number=Sing|PronType=Neg,żadnego,1,2,0.0005077430820005078,2,0.0023612750885478157
168,DET: Animacy=Inan|Case=Ins|Gender=Masc|Number=Sing|PronType=Int,"jakim, którym",2,2,0.0005077430820005078,2,0.0023612750885478157
100,AUX: Animacy=Hum|Aspect=Imp|Gender=Masc|Mood=Ind|Number=Plur|Tense=Past|VerbForm=Fin|Voice=Act,"były, byli",2,2,0.0005077430820005078,2,0.0023612750885478157
171,DET: Animacy=Inan|Case=Loc|Gender=Masc|Number=Sing|Number[psor]=Sing|Person=1|Poss=Yes|PronType=Prs,"twoim, moim",2,2,0.0005077430820005078,2,0.0023612750885478157
39,ADJ: Animacy=Nhum|Case=Nom|Degree=Pos|Gender=Masc|Number=Plur,"fajne, małe",2,2,0.0005077430820005078,2,0.0023612750885478157
54,ADJ: Case=Acc|Degree=Pos|Gender=Masc|Number=Plur,"brudne, nowe",2,2,0.0005077430820005078,2,0.0023612750885478157
314,NOUN: Case=Gen|Gender=Masc|Number=Plur,"sań, lego",2,2,0.0005077430820005078,2,0.0023612750885478157
16,ADJ: Animacy=Inan|Aspect=Imp|Case=Acc|Gender=Masc|Number=Sing|Polarity=Pos|VerbForm=Part|Voice=Pass,"kręconego, kochany",2,2,0.0005077430820005078,2,0.0023612750885478157
8,ADJ: Animacy=Hum|Case=Ins|Degree=Cmp|Gender=Masc|Number=Sing,"najlepszym, starszym",2,2,0.0005077430820005078,2,0.0023612750885478157
317,NOUN: Case=Gen|Gender=Neut|NumType=Sets|Number=Sing,ucha,1,2,0.0005077430820005078,2,0.0023612750885478157
252,DET: Case=Nom|Gender=Neut|Number=Sing|PronType=Rel,jakie,1,2,0.0005077430820005078,2,0.0023612750885478157
24,ADJ: Animacy=Inan|Aspect=Perf|Case=Nom|Gender=Masc|Number=Plur|Polarity=Pos|VerbForm=Part|Voice=Pass,"pomalowane, złamane",2,2,0.0005077430820005078,2,0.0023612750885478157
310,NOUN: Case=Dat|Gender=Neut|NumType=Sets|Number=Plur,dzieciom,1,2,0.0005077430820005078,1,0.0011806375442739079
311,NOUN: Case=Dat|Gender=Neut|Number=Sing,"popołudniu, kinie",2,2,0.0005077430820005078,2,0.0023612750885478157
326,NOUN: Case=Ins|Gender=Neut|NumType=Sets|Number=Sing,dzieckiem,1,2,0.0005077430820005078,2,0.0023612750885478157
13,ADJ: Animacy=Hum|Case=Voc|Degree=Pos|Gender=Masc|Number=Plur,chodzmy,1,2,0.0005077430820005078,1,0.0011806375442739079
283,NOUN: Animacy=Nhum|Case=Ins|Gender=Masc|Number=Plur,"kotkami, ssakami",2,2,0.0005077430820005078,2,0.0023612750885478157
285,NOUN: Animacy=Nhum|Case=Loc|Gender=Masc|Number=Plur,zwierzątkach,1,2,0.0005077430820005078,1,0.0011806375442739079
91,ADV: Degree=Pos|PronType=Ind,jakoś,1,1,0.0002538715410002539,1,0.0011806375442739079
104,AUX: Animacy=Inan|Aspect=Perf|Gender=Masc|Mood=Ind|Number=Sing|Tense=Past|VerbForm=Fin|Voice=Act,został,1,1,0.0002538715410002539,1,0.0011806375442739079
105,AUX: Aspect=Imp|Clitic=Yes|Number=Sing|Person=1|Variant=Long,zie,1,1,0.0002538715410002539,1,0.0011806375442739079
533,VERB: Aspect=Perf|Number=Sing|VerbForm=Fin|Voice=Act,ć,1,1,0.0002538715410002539,1,0.0011806375442739079
106,AUX: Aspect=Imp|Clitic=Yes|Number=Sing|Person=1|Variant=Short,m,1,1,0.0002538715410002539,1,0.0011806375442739079
14,ADJ: Animacy=Inan|Aspect=Imp|Case=Acc|Gender=Masc|Number=Plur|Polarity=Pos|VerbForm=Part|Voice=Act,świecące,1,1,0.0002538715410002539,1,0.0011806375442739079
109,AUX: Aspect=Imp|Gender=Neut|Mood=Ind|Number=Sing|Tense=Past|VerbForm=Fin|Voice=Act,było,1,1,0.0002538715410002539,1,0.0011806375442739079
82,ADJ: Degree=Pos|PrepCase=Pre,daleka,1,1,0.0002538715410002539,1,0.0011806375442739079
10,ADJ: Animacy=Hum|Case=Nom|Degree=Cmp|Gender=Masc|Number=Sing,spokojniejszy,1,1,0.0002538715410002539,1,0.0011806375442739079
513,VERB: Aspect=Imp|Tense=Pres|VerbForm=Conv|Voice=Act,przymierając,1,1,0.0002538715410002539,1,0.0011806375442739079
80,ADJ: Case=Nom|Gender=Neut|Number=Plur|Polarity=Pos|VerbForm=Part,tez,1,1,0.0002538715410002539,1,0.0011806375442739079
473,PUNCT: PunctType=Dash,tamte,1,1,0.0002538715410002539,1,0.0011806375442739079
116,AUX: Aspect=Imp|Mood=Ind|Number=Sing|Person=1|Tense=Pres|VerbForm=Fin,bedę,1,1,0.0002538715410002539,1,0.0011806375442739079
7,ADJ: Animacy=Hum|Case=Gen|Degree=Pos|Gender=Masc|Number=Sing,malutkiego,1,1,0.0002538715410002539,1,0.0011806375442739079
6,ADJ: Animacy=Hum|Case=Acc|Degree=Pos|Gender=Masc|Number=Sing|VerbForm=Part|Voice=Pass,olisioni,1,1,0.0002538715410002539,1,0.0011806375442739079
123,AUX: Aspect=Imp|Mood=Ind|Number=Sing|Tense=Pres|VerbForm=Fin|Voice=Act,juz,1,1,0.0002538715410002539,1,0.0011806375442739079
537,X: Abbr=Yes|Pun=No,maks,1,1,0.0002538715410002539,1,0.0011806375442739079
468,PROPN: Case=Ins|Gender=Fem|Number=Sing,anią,1,1,0.0002538715410002539,1,0.0011806375442739079
125,AUX: Aspect=Perf|VerbForm=Inf|Voice=Act,zostać,1,1,0.0002538715410002539,1,0.0011806375442739079
127,DET: Animacy=Hum|Case=Acc|Gender=Masc|Number=Plur|Number[psor]=Plur|Person=1|Poss=Yes|PronType=Prs,moich,1,1,0.0002538715410002539,1,0.0011806375442739079
465,PROPN: Case=Dat|Gender=Fem|Number=Sing,gosi,1,1,0.0002538715410002539,1,0.0011806375442739079
464,PROPN: Case=Acc|Gender=Neut|Number=Sing,am,1,1,0.0002538715410002539,1,0.0011806375442739079
128,DET: Animacy=Hum|Case=Acc|Gender=Masc|Number=Plur|Poss=Yes|PronType=Prs|Reflex=Yes,swoich,1,1,0.0002538715410002539,1,0.0011806375442739079
4,ADJ: Animacy=Hum|Case=Acc|Degree=Pos|Gender=Masc|Number=Plur,młodych,1,1,0.0002538715410002539,1,0.0011806375442739079
2,ADJ: Animacy=Hum|Aspect=Perf|Case=Nom|Gender=Masc|Number=Plur|Polarity=Pos|VerbForm=Part|Voice=Pass,ubrani,1,1,0.0002538715410002539,1,0.0011806375442739079
529,VERB: Aspect=Perf|Mood=Ind|Number=Sing|Person=3|Tense=Past|VerbForm=Fin|Voice=Act,zabla,1,1,0.0002538715410002539,1,0.0011806375442739079
15,ADJ: Animacy=Inan|Aspect=Imp|Case=Acc|Gender=Masc|Number=Sing|Polarity=Pos|VerbForm=Part|Voice=Act,grający,1,1,0.0002538715410002539,1,0.0011806375442739079
73,ADJ: Case=Nom|Degree=Cmp|Gender=Neut|Number=Sing,dłuższe,1,1,0.0002538715410002539,1,0.0011806375442739079
23,ADJ: Animacy=Inan|Aspect=Perf|Case=Nom|Degree=Pos|Gender=Masc|Number=Sing|Voice=Pass,zamknięty,1,1,0.0002538715410002539,1,0.0011806375442739079
37,ADJ: Animacy=Nhum|Case=Gen|Degree=Pos|Gender=Masc|Number=Sing,wstrętnego,1,1,0.0002538715410002539,1,0.0011806375442739079
35,ADJ: Animacy=Inan|Case=Nom|Degree=Pos|Gender=Masc|Number=Sing|Voice=Pass,zamknięty,1,1,0.0002538715410002539,1,0.0011806375442739079
41,ADJ: Aspect=Imp|Case=Acc|Gender=Fem|Number=Sing|Polarity=Pos|VerbForm=Part|Voice=Pass,kochaną,1,1,0.0002538715410002539,1,0.0011806375442739079
510,VERB: Aspect=Imp|Mood=Ind|Number=Sing|Tense=Pres|VerbForm=Fin|VerbType=Quasi,trezba,1,1,0.0002538715410002539,1,0.0011806375442739079
509,VERB: Aspect=Imp|Mood=Ind|Number=Sing|Tense=Past|VerbForm=Fin|Voice=Act,oć,1,1,0.0002538715410002539,1,0.0011806375442739079
42,ADJ: Aspect=Imp|Case=Gen|Gender=Fem|Number=Sing|Polarity=Pos|VerbForm=Part|Voice=Pass,kochanej,1,1,0.0002538715410002539,1,0.0011806375442739079
43,ADJ: Aspect=Imp|Case=Loc|Gender=Masc|Number=Sing|Polarity=Pos|VerbForm=Part|Voice=Pass,chowanego,1,1,0.0002538715410002539,1,0.0011806375442739079
45,ADJ: Aspect=Perf|Case=Acc|Gender=Fem|Number=Plur|Polarity=Pos|VerbForm=Part|Voice=Pass,zajęte,1,1,0.0002538715410002539,1,0.0011806375442739079
517,VERB: Aspect=Perf|Gender=Masc|Mood=Ind|Number=Plur|Tense=Past|VerbForm=Fin|Voice=Act,włacz,1,1,0.0002538715410002539,1,0.0011806375442739079
47,ADJ: Aspect=Perf|Case=Loc|Gender=Neut|Number=Plur|Polarity=Pos|VerbForm=Part|Voice=Pass,skręconych,1,1,0.0002538715410002539,1,0.0011806375442739079
49,ADJ: Aspect=Perf|Case=Nom|Gender=Masc|Number=Plur|Polarity=Pos|VerbForm=Part|Voice=Pass,zapięte,1,1,0.0002538715410002539,1,0.0011806375442739079
502,VERB: Aspect=Imp|Mood=Ind|Number=Plur|Tense=Pres|VerbForm=Fin|Voice=Act,bery,1,1,0.0002538715410002539,1,0.0011806375442739079
26,ADJ: Animacy=Inan|Case=Acc|Degree=Cmp|Gender=Masc|Number=Plur,największe,1,1,0.0002538715410002539,1,0.0011806375442739079
50,ADJ: Aspect=Perf|Case=Nom|Gender=Neut|Number=Plur|Polarity=Pos|VerbForm=Part|Voice=Pass,zajęte,1,1,0.0002538715410002539,1,0.0011806375442739079
460,PROPN: Animacy=Hum|Case=Voc|Gender=Masc|Number=Sing,łi,1,1,0.0002538715410002539,1,0.0011806375442739079
72,ADJ: Case=Nom|Degree=Cmp|Gender=Fem|Number=Sing,najważniejsza,1,1,0.0002538715410002539,1,0.0011806375442739079
499,VERB: Aspect=Imp|Mood=Ind|Number=Plur|Person=1|VerbForm=Fin|Voice=Act,napraw,1,1,0.0002538715410002539,1,0.0011806375442739079
22,ADJ: Animacy=Inan|Aspect=Perf|Case=Nom|Degree=Pos|Gender=Masc|Number=Plur|Polarity=Pos|VerbForm=Part|Voice=Pass,zamknięte,1,1,0.0002538715410002539,1,0.0011806375442739079
58,ADJ: Case=Gen|Degree=Cmp|Gender=Fem|Number=Sing,stalszej,1,1,0.0002538715410002539,1,0.0011806375442739079
21,ADJ: Animacy=Inan|Aspect=Perf|Case=Gen|Gender=Masc|Number=Sing|Polarity=Pos|VerbForm=Part|Voice=Pass,wysuszonego,1,1,0.0002538715410002539,1,0.0011806375442739079
61,ADJ: Case=Gen|Degree=Pos|Gender=Masc|Number=Sing,nowego,1,1,0.0002538715410002539,1,0.0011806375442739079
62,ADJ: Case=Gen|Degree=Pos|Gender=Neut|Number=Plur,piłkarskich,1,1,0.0002538715410002539,1,0.0011806375442739079
20,ADJ: Animacy=Inan|Aspect=Perf|Case=Gen|Gender=Masc|Number=Plur|Polarity=Pos|VerbForm=Part|Voice=Pass,umalowanych,1,1,0.0002538715410002539,1,0.0011806375442739079
19,ADJ: Animacy=Inan|Aspect=Perf|Case=Acc|Gender=Masc|Number=Sing|Polarity=Pos|VerbForm=Part|Voice=Pass,zrobiony,1,1,0.0002538715410002539,1,0.0011806375442739079
18,ADJ: Animacy=Inan|Aspect=Perf|Case=Acc|Gender=Masc|Number=Plur|Polarity=Pos|VerbForm=Part|Voice=Pass,ukryte,1,1,0.0002538715410002539,1,0.0011806375442739079
17,ADJ: Animacy=Inan|Aspect=Imp|Case=Nom|Gender=Masc|Number=Sing|Polarity=Pos|VerbForm=Part|Voice=Act,niechcący,1,1,0.0002538715410002539,1,0.0011806375442739079
492,VERB: Aspect=Imp|Gender=Masc|Mood=Ind|Number=Plur|Tense=Past|VerbForm=Fin|Voice=Act,były,1,1,0.0002538715410002539,1,0.0011806375442739079
491,VERB: Aspect=Imp|Gender=Fem|Mood=Ind|Number=Sing|Tense=Pres|VerbForm=Fin|Voice=Act,oć,1,1,0.0002538715410002539,1,0.0011806375442739079
67,ADJ: Case=Loc|Degree=Cmp|Gender=Neut|Number=Sing,największym,1,1,0.0002538715410002539,1,0.0011806375442739079
38,ADJ: Animacy=Nhum|Case=Ins|Degree=Pos|Gender=Masc|Number=Sing,dobrym,1,1,0.0002538715410002539,1,0.0011806375442739079
461,PROPN: Animacy=Inan|Case=Gen|Gender=Masc|Number=Sing,rawicza,1,1,0.0002538715410002539,1,0.0011806375442739079
152,DET: Animacy=Inan|Case=Acc|Gender=Masc|Number=Sing|Number[psor]=Plur|Person=1|Poss=Yes|PronType=Prs,mój,1,1,0.0002538715410002539,1,0.0011806375442739079
133,DET: Animacy=Hum|Case=Gen|Gender=Masc|Number=Sing|Number[psor]=Sing|Person=1|Poss=Yes|PronType=Prs,naszego,1,1,0.0002538715410002539,1,0.0011806375442739079
215,DET: Case=Gen|Gender=Fem|Number=Sing|Poss=Yes|PronType=Prs|Reflex=Yes,swojej,1,1,0.0002538715410002539,1,0.0011806375442739079
381,PRON: Animacy=Hum|Case=Dat|Gender=Masc|Number=Sing|Person=3|PrepCase=Npr|PronType=Prs|Variant=Long,jemu,1,1,0.0002538715410002539,1,0.0011806375442739079
244,DET: Case=Nom|Gender=Masc|Number=Plur|PronType=Tot,wszystkie,1,1,0.0002538715410002539,1,0.0011806375442739079
383,PRON: Animacy=Hum|Case=Dat|Gender=Masc|Number=Sing|Person=3|PronType=Prs|Variant=Short,tadkowi,1,1,0.0002538715410002539,1,0.0011806375442739079
384,PRON: Animacy=Hum|Case=Dat|Gender=Masc|Number=Sing|PronType=Ind,komuś,1,1,0.0002538715410002539,1,0.0011806375442739079
240,DET: Case=Nom|Gender=Fem|Number=Plur|PronType=Rel,które,1,1,0.0002538715410002539,1,0.0011806375442739079
386,PRON: Animacy=Hum|Case=Gen|Gender=Masc|Number=Plur|Person=2|PronType=Prs,was,1,1,0.0002538715410002539,1,0.0011806375442739079
387,PRON: Animacy=Hum|Case=Gen|Gender=Masc|Number=Plur|Person=3|PrepCase=Npr|PronType=Prs|Variant=Long,ich,1,1,0.0002538715410002539,1,0.0011806375442739079
235,DET: Case=Loc|Gender=Neut|Number=Sing|Poss=Yes|PronType=Prs|Reflex=Yes,swoim,1,1,0.0002538715410002539,1,0.0011806375442739079
232,DET: Case=Loc|Gender=Fem|Number=Sing|PronType=Ind,ktorej,1,1,0.0002538715410002539,1,0.0011806375442739079
230,DET: Case=Loc|Gender=Fem|Number=Sing|Number[psor]=Sing|Person=1|Poss=Yes|PronType=Prs,mojej,1,1,0.0002538715410002539,1,0.0011806375442739079
229,DET: Case=Ins|Gender=Neut|Number=Sing|PronType=Int,jakim,1,1,0.0002538715410002539,1,0.0011806375442739079
228,DET: Case=Ins|Gender=Neut|Number=Sing|Poss=Yes|PronType=Prs|Reflex=Yes,swoim,1,1,0.0002538715410002539,1,0.0011806375442739079
227,DET: Case=Ins|Gender=Masc|Number=Sing|Number[psor]=Sing|Person=1|Poss=Yes|PronType=Prs,twoim,1,1,0.0002538715410002539,1,0.0011806375442739079
224,DET: Case=Ins|Gender=Fem|Number=Plur|Number[psor]=Plur|Person=1|Poss=Yes|PronType=Prs,moimi,1,1,0.0002538715410002539,1,0.0011806375442739079
397,PRON: Animacy=Hum|Case=Ins|Gender=Masc|Number=Plur|Person=3|PrepCase=Pre|PronType=Prs|Variant=Long,nimi,1,1,0.0002538715410002539,1,0.0011806375442739079
222,DET: Case=Gen|Gender=Neut|Number=Sing|Number[psor]=Sing|Person=1|Poss=Yes|PronType=Prs,mojego,1,1,0.0002538715410002539,1,0.0011806375442739079
221,DET: Case=Gen|Gender=Neut|Number=Plur|PronType=Ind,niektórych,1,1,0.0002538715410002539,1,0.0011806375442739079
248,DET: Case=Nom|Gender=Neut|Number=Plur|PronType=Tot,wszystkie,1,1,0.0002538715410002539,1,0.0011806375442739079
251,DET: Case=Nom|Gender=Neut|Number=Sing|PronType=Int,jakie,1,1,0.0002538715410002539,1,0.0011806375442739079
378,PRON: Animacy=Hum|Case=Dat|Gender=Masc|Number=Plur|Person=3|PrepCase=Npr|PronType=Prs|Variant=Long,im,1,1,0.0002538715410002539,1,0.0011806375442739079
365,PRON: Animacy=Hum|Case=Acc|Gender=Masc|Number=Plur|Person=3|PrepCase=Npr|PronType=Prs|Variant=Long,ich,1,1,0.0002538715410002539,1,0.0011806375442739079
353,NUM: Case=Acc|Gender=Fem|NumForm=Digit|NumType=Card|Number=Plur,3,1,1,0.0002538715410002539,1,0.0011806375442739079
328,NOUN: Case=Ins|Gender=Neut|Number=Ptan,saniami,1,1,0.0002538715410002539,1,0.0011806375442739079
356,NUM: Case=Acc|Gender=Neut|NumForm=Word|Number=Plur,dwa,1,1,0.0002538715410002539,1,0.0011806375442739079
357,NUM: Case=Acc|Gender=Neut|NumForm=Word|Number=Sing,pół,1,1,0.0002538715410002539,1,0.0011806375442739079
358,NUM: Case=Gen|Gender=Masc|NumForm=Word|Number=Plur,jedenastu,1,1,0.0002538715410002539,1,0.0011806375442739079
309,NOUN: Case=Dat|Gender=Masc|Number=Sing,ciuciu,1,1,0.0002538715410002539,1,0.0011806375442739079
303,NOUN: Case=Acc|Gender=Neut|NumType=Sets|Number=Sing,dziecko,1,1,0.0002538715410002539,1,0.0011806375442739079
366,PRON: Animacy=Hum|Case=Acc|Gender=Masc|Number=Ptan|PronType=Tot,wszystkich,1,1,0.0002538715410002539,1,0.0011806375442739079
258,NOUN: Animacy=Hum|Case=Ins|Gender=Fem|Number=Sing,kubą,1,1,0.0002538715410002539,1,0.0011806375442739079
292,NOUN: Aspect=Imp|Case=Gen|Gender=Neut|Number=Plur|Polarity=Pos|VerbForm=Vnoun,picia,1,1,0.0002538715410002539,1,0.0011806375442739079
289,NOUN: Aspect=Imp|Case=Acc|Gender=Neut|Number=Sing,ćniadanie,1,1,0.0002538715410002539,1,0.0011806375442739079
369,PRON: Animacy=Hum|Case=Acc|Gender=Masc|Number=Sing|Person=2|PronType=Int,coć,1,1,0.0002538715410002539,1,0.0011806375442739079
265,NOUN: Animacy=Hum|Case=Voc|Gender=Masc|Number=Plur,panowie,1,1,0.0002538715410002539,1,0.0011806375442739079
262,NOUN: Animacy=Hum|Case=Nom|Gender=Fem|Number=Sing,marek,1,1,0.0002538715410002539,1,0.0011806375442739079
374,PRON: Animacy=Hum|Case=Acc|Gender=Masc|Number=Sing|PronType=Ind,ktoś,1,1,0.0002538715410002539,1,0.0011806375442739079
375,PRON: Animacy=Hum|Case=Acc|Gender=Masc|Number=Sing|PronType=Neg,nikogo,1,1,0.0002538715410002539,1,0.0011806375442739079
220,DET: Case=Gen|Gender=Neut|Number=Plur|Number[psor]=Plur|Person=1|Poss=Yes|PronType=Prs,twoich,1,1,0.0002538715410002539,1,0.0011806375442739079
211,DET: Case=Gen|Gender=Fem|Number=Plur|Number[psor]=Plur|Person=1|Poss=Yes|PronType=Prs,moich,1,1,0.0002538715410002539,1,0.0011806375442739079
137,DET: Animacy=Hum|Case=Ins|Gender=Masc|Number=Sing|PronType=Ind,jakimś,1,1,0.0002538715410002539,1,0.0011806375442739079
210,DET: Case=Acc|Gender=Neut|Number=Sing|PronType=Rel,jakie,1,1,0.0002538715410002539,1,0.0011806375442739079
434,PRON: Case=Gen|Gender=Neut|Number=Sing|PronType=Int,czego,1,1,0.0002538715410002539,1,0.0011806375442739079
436,PRON: Case=Gen|Gender=Neut|Number=Sing|PronType=Rel,czego,1,1,0.0002538715410002539,1,0.0011806375442739079
437,PRON: Case=Gen|PronType=Prs|Reflex=Yes,siebie,1,1,0.0002538715410002539,1,0.0011806375442739079
441,PRON: Case=Ins|PronType=Prs|Reflex=Yes,sobą,1,1,0.0002538715410002539,1,0.0011806375442739079
161,DET: Animacy=Inan|Case=Gen|Gender=Masc|Number=Plur|Number[psor]=Plur|Person=1|Poss=Yes|PronType=Prs,moich,1,1,0.0002538715410002539,1,0.0011806375442739079
160,DET: Animacy=Inan|Case=Gen|Gender=Masc|NumType=Card|Number=Plur|PronType=Ind,dużo,1,1,0.0002538715410002539,1,0.0011806375442739079
159,DET: Animacy=Inan|Case=Dat|Gender=Masc|Number=Sing|PronType=Dem,tym,1,1,0.0002538715410002539,1,0.0011806375442739079
334,NOUN: Case=Loc|Gender=Neut|NumType=Sets|Number=Plur,zwierzętach,1,1,0.0002538715410002539,1,0.0011806375442739079
150,DET: Animacy=Inan|Case=Acc|Gender=Masc|Number=Plur|Poss=Yes|PronType=Prs|Reflex=Yes,swoje,1,1,0.0002538715410002539,1,0.0011806375442739079
448,PRON: Case=Nom|Gender=Masc|Number=Plur|Person=3|PrepCase=Npr|PronType=Prs|Variant=Long,one,1,1,0.0002538715410002539,1,0.0011806375442739079
149,DET: Animacy=Inan|Case=Acc|Gender=Masc|Number=Plur|Number[psor]=Sing|Person=1|Poss=Yes|PronType=Prs,twoje,1,1,0.0002538715410002539,1,0.0011806375442739079
146,DET: Animacy=Inan|Case=Acc|Gender=Masc|NumType=Card|Number=Plur|PronType=Dem,tyle,1,1,0.0002538715410002539,1,0.0011806375442739079
145,DET: Animacy=Hum|Case=Nom|Gender=Masc|Number=Sing|PronType=Tot,każdy,1,1,0.0002538715410002539,1,0.0011806375442739079
143,DET: Animacy=Hum|Case=Nom|Gender=Masc|Number=Sing|PronType=Ind,jakiś,1,1,0.0002538715410002539,1,0.0011806375442739079
454,PRON: Case=Nom|Gender=Neut|Number=Sing|PronType=Rel,co,1,1,0.0002538715410002539,1,0.0011806375442739079
141,DET: Animacy=Hum|Case=Nom|Gender=Masc|Number=Sing|Number[psor]=Sing|Person=2|Poss=Yes|PronType=Prs,mamo,1,1,0.0002538715410002539,1,0.0011806375442739079
457,PROPN: Animacy=Hum|Case=Acc|Gender=Masc|Number=Sing,przemka,1,1,0.0002538715410002539,1,0.0011806375442739079
433,PRON: Case=Gen|Gender=Neut|Number=Sing|PronType=Ind,czegoś,1,1,0.0002538715410002539,1,0.0011806375442739079
169,DET: Animacy=Inan|Case=Loc|Gender=Masc|Number=Plur|PronType=Dem,tych,1,1,0.0002538715410002539,1,0.0011806375442739079
431,PRON: Case=Gen|Gender=Fem|Number=Sing|Person=3|PrepCase=Pre|PronType=Prs|Variant=Long,niej,1,1,0.0002538715410002539,1,0.0011806375442739079
419,PRON: Case=Acc|Gender=Neut|Number=Plur|Person=3|PrepCase=Npr|PronType=Prs|Variant=Long,je,1,1,0.0002538715410002539,1,0.0011806375442739079
208,DET: Case=Acc|Gender=Neut|Number=Sing|Poss=Yes|PronType=Prs|Reflex=Yes,swoje,1,1,0.0002538715410002539,1,0.0011806375442739079
408,PRON: Animacy=Hum|Case=Nom|Gender=Masc|Number=Sing|Person=2|PronType=Prs|Variant=Long,cie,1,1,0.0002538715410002539,1,0.0011806375442739079
205,DET: Case=Acc|Gender=Neut|Number=Plur|PronType=Rel,jakie,1,1,0.0002538715410002539,1,0.0011806375442739079
202,DET: Case=Acc|Gender=Neut|Number=Plur|Number[psor]=Plur|Person=1|Poss=Yes|PronType=Prs,moje,1,1,0.0002538715410002539,1,0.0011806375442739079
193,DET: Case=Acc|Gender=Fem|Number=Plur|PronType=Rel,jakie,1,1,0.0002538715410002539,1,0.0011806375442739079
189,DET: Animacy=Nhum|Case=Nom|Gender=Masc|Number=Sing|PronType=Ind,jakiś,1,1,0.0002538715410002539,1,0.0011806375442739079
418,PRON: Case=Acc|Gender=Masc|Number=Sing|Person=1|PronType=Prs,hmm,1,1,0.0002538715410002539,1,0.0011806375442739079
187,DET: Animacy=Nhum|Case=Nom|Gender=Masc|Number=Sing|Number[psor]=Sing|Person=1|Poss=Yes|PronType=Prs,mój,1,1,0.0002538715410002539,1,0.0011806375442739079
173,DET: Animacy=Inan|Case=Loc|Gender=Masc|Number=Sing|PronType=Rel,jakim,1,1,0.0002538715410002539,1,0.0011806375442739079
186,DET: Animacy=Nhum|Case=Nom|Gender=Masc|Number=Plur|PronType=Dem,te,1,1,0.0002538715410002539,1,0.0011806375442739079
183,DET: Animacy=Inan|Case=Nom|Gender=Masc|Number=Sing|PronType=Ind,jakiś,1,1,0.0002538715410002539,1,0.0011806375442739079
179,DET: Animacy=Inan|Case=Nom|Gender=Masc|Number=Plur|PronType=Tot,wszystkie,1,1,0.0002538715410002539,1,0.0011806375442739079
425,PRON: Case=Acc|Number=Sing|PronType=Prs,tera,1,1,0.0002538715410002539,1,0.0011806375442739079
178,DET: Animacy=Inan|Case=Nom|Gender=Masc|Number=Plur|PronType=Rel,które,1,1,0.0002538715410002539,1,0.0011806375442739079
177,DET: Animacy=Inan|Case=Nom|Gender=Masc|Number=Plur|PronType=Int,jakie,1,1,0.0002538715410002539,1,0.0011806375442739079
174,DET: Animacy=Inan|Case=Nom|Gender=Masc|NumType=Card|Number=Plur|PronType=Ind,dużo,1,1,0.0002538715410002539,1,0.0011806375442739079
0,ADJ: Animacy=Hum|Aspect=Imp|Case=Acc|Gender=Masc|Number=Sing|Polarity=Pos|VerbForm=Part|Voice=Pass,piciupieni,1,1,0.0002538715410002539,1,0.0011806375442739079
